id;ad_id;lifecycle_id;stage;metric_name;metric_value;ts_epoch;ts_iso;created_at;recorded_at
0000035c-c769-4718-bf4d-e73812c0c1fc;120233121784780160;lifecycle_120233121784780160;scaling;impressions;24.0000;1761601142;2025-10-27 21:39:02+00;2025-10-27 21:39:02.466582+00;2025-10-27 21:39:02.466582+00
0000a1e1-765c-4416-b9c6-82548fc88cf2;120232965425640160;lifecycle_120232965425640160;validation;add_to_cart;0.0000;1761576245;2025-10-27 14:44:05+00;2025-10-27 14:44:06.022606+00;2025-10-27 14:44:06.022606+00
000a437b-9d67-4bf5-98bc-7b9d3e6699d7;120232965425640160;lifecycle_120232965425640160;scaling;ctr;16.6667;1761453782;2025-10-26 04:43:02.410476+00;2025-10-26 04:43:02.410476+00;2025-10-26 04:43:02.498069+00
000aa256-bcef-4e7e-b7f6-2bb0f944212e;120232965425640160;lifecycle_120232965425640160;testing;cpm;175.1852;1761462253;2025-10-26 07:04:13.181375+00;2025-10-26 07:04:13.181375+00;2025-10-26 07:04:13.27707+00
000ab630-50fd-4b68-bdc5-084b4e51a2a7;120232965437600160;lifecycle_120232965437600160;testing;cpm;128.3019;1761417940;2025-10-25 18:45:40.294856+00;2025-10-25 18:45:40.294856+00;2025-10-25 18:45:40.382821+00
000e7495-ae20-4d1a-afcf-850c25156366;120232965425640160;lifecycle_120232965425640160;scaling;clicks;2.0000;1761450916;2025-10-26 03:55:16.255262+00;2025-10-26 03:55:16.255262+00;2025-10-26 03:55:16.387478+00
0015a37a-a281-41f2-862d-22b815baacf8;120232965425640160;lifecycle_120232965425640160;scaling;clicks;0.0000;1761431879;2025-10-25 22:37:59.396413+00;2025-10-25 22:37:59.396413+00;2025-10-25 22:37:59.480464+00
0018be6e-5f15-4095-ba29-6c8e223b4069;120232965440920160;lifecycle_120232965440920160;scaling;cpm;36.6667;1761597787;2025-10-27 20:43:07+00;2025-10-27 20:43:07.957126+00;2025-10-27 20:43:07.957126+00
001b4ca3-e5e2-43c3-98b0-295022a7b6a5;120233121784780160;lifecycle_120233121784780160;testing;cpm;72.9412;1761602795;2025-10-27 22:06:35+00;2025-10-27 22:06:35.444952+00;2025-10-27 22:06:35.444952+00
00219d08-3318-4f33-84b9-8a3aae3475f2;120233129307020160;lifecycle_120233129307020160;validation;cpm;32.7857;1761666311;2025-10-28 15:45:11+00;2025-10-28 15:45:11.979584+00;2025-10-28 15:45:11.979584+00
0021e9ae-fbd4-4878-8ee2-3b4a3e64a2c3;120232965425640160;lifecycle_120232965425640160;scaling;spend;17.2100;1761587003;2025-10-27 17:43:23+00;2025-10-27 17:43:24.066284+00;2025-10-27 17:43:24.066284+00
0023bd13-4fb1-4521-b240-dd7ec1bdea63;120232965435960160;lifecycle_120232965435960160;testing;clicks;0.0000;1761626697;2025-10-28 04:44:57+00;2025-10-28 04:44:57.779471+00;2025-10-28 04:44:57.779471+00
0028ed2c-5091-438d-9180-b17c8d74e2b1;120232965435960160;lifecycle_120232965435960160;testing;add_to_cart;0.0000;1761676011;2025-10-28 18:26:51+00;2025-10-28 18:26:51.609211+00;2025-10-28 18:26:51.609211+00
002a05d2-618b-493d-af09-ebcee3750dd1;120232215972100160;lifecycle_120232215972100160;validation;spend;12.0300;1761597714;2025-10-27 20:41:54+00;2025-10-27 20:41:55.120206+00;2025-10-27 20:41:55.120206+00
002d2766-1b22-41ff-944a-0f8449664873;120232965433110160;lifecycle_120232965433110160;scaling;clicks;0.0000;1761412391;2025-10-25 17:13:11.358634+00;2025-10-25 17:13:11.358634+00;2025-10-25 17:13:11.443194+00
002d69d1-ce4c-444e-9dc3-e051e0bb1f98;120232965429540160;lifecycle_120232965429540160;scaling;impressions;1.0000;1761591090;2025-10-27 18:51:30+00;2025-10-27 18:51:30.954189+00;2025-10-27 18:51:30.954189+00
002fc897-30ad-4124-80ed-f70bcbcbe394;120232965437600160;lifecycle_120232965437600160;scaling;clicks;4.0000;1761450925;2025-10-26 03:55:25.209818+00;2025-10-26 03:55:25.209818+00;2025-10-26 03:55:25.338097+00
0031ff95-ccaa-4672-81e3-d6a2dd53f2fb;120232965425640160;lifecycle_120232965425640160;scaling;impressions;53.0000;1761498356;2025-10-26 17:05:56.445465+00;2025-10-26 17:05:56.445465+00;2025-10-26 17:05:56.541728+00
003700d1-7528-446b-a829-23573c929284;120232965433110160;lifecycle_120232965433110160;scaling;impressions;3.0000;1761431882;2025-10-25 22:38:02.235874+00;2025-10-25 22:38:02.235874+00;2025-10-25 22:38:02.326165+00
003b069a-de66-409b-9689-7f25ca16ea75;120232965425640160;lifecycle_120232965425640160;testing;ctr;0.0000;1761591012;2025-10-27 18:50:12+00;2025-10-27 18:50:12.309823+00;2025-10-27 18:50:12.309823+00
003e874f-e495-4180-903c-32bc14bd59c7;120233129307020160;lifecycle_120233129307020160;testing;impressions;120.0000;1761651334;2025-10-28 11:35:34+00;2025-10-28 11:35:34.721184+00;2025-10-28 11:35:34.721184+00
00400997-5453-497c-94ae-27e5cc497ffa;120232965425640160;lifecycle_120232965425640160;validation;purchases;0.0000;1761483679;2025-10-26 13:01:19.393564+00;2025-10-26 13:01:19.393564+00;2025-10-26 13:01:19.515705+00
00420f8a-4cc2-4abd-9ac5-145e930c1d3a;120232215972100160;lifecycle_120232215972100160;scaling;clicks;0.0000;1761435476;2025-10-25 23:37:56.187066+00;2025-10-25 23:37:56.187066+00;2025-10-25 23:37:56.311442+00
0043557c-5f6e-4f44-bb0e-3a1a14223cda;120232965437600160;lifecycle_120232965437600160;validation;purchases;0.0000;1761411912;2025-10-25 17:05:12.539531+00;2025-10-25 17:05:12.539531+00;2025-10-25 17:05:12.623509+00
0045abcb-c6d6-42cd-bc9b-8d70a1e9157b;120233129307020160;lifecycle_120233129307020160;scaling;clicks;0.0000;1761656925;2025-10-28 13:08:45+00;2025-10-28 13:08:45.406506+00;2025-10-28 13:08:45.406506+00
0049a0aa-995b-4ef8-8790-12ef802f8347;120232965440920160;lifecycle_120232965440920160;scaling;spend;0.0600;1761558350;2025-10-27 09:45:50.429387+00;2025-10-27 09:45:50.429387+00;2025-10-27 09:45:50.522691+00
004ba7b4-fe83-48fb-b810-ddf3c1396cfa;120232965425640160;lifecycle_120232965425640160;scaling;cpm;46.8750;1761413819;2025-10-25 17:36:59.526082+00;2025-10-25 17:36:59.526082+00;2025-10-25 17:36:59.607449+00
004da24b-f20b-47af-b52d-ffab6808599f;120232965433110160;lifecycle_120232965433110160;validation;add_to_cart;0.0000;1761504469;2025-10-26 18:47:49.120486+00;2025-10-26 18:47:49.120486+00;2025-10-26 18:47:49.252936+00
004e83b6-b5f1-4d2a-bf44-bc7be3c7b081;120232965423280160;lifecycle_120232965423280160;scaling;impressions;1.0000;1761426461;2025-10-25 21:07:41.062135+00;2025-10-25 21:07:41.062135+00;2025-10-25 21:07:41.136782+00
0050df4a-77db-4356-8432-a282379b59a4;120232965429540160;lifecycle_120232965429540160;validation;ctr;0.0000;1761584840;2025-10-27 17:07:20+00;2025-10-27 17:07:20.783293+00;2025-10-27 17:07:20.783293+00
0053bddc-82f6-4370-8b11-87d0c0b6425c;120232965423280160;lifecycle_120232965423280160;scaling;spend;0.0000;1761604067;2025-10-27 22:27:47+00;2025-10-27 22:27:47.314434+00;2025-10-27 22:27:47.314434+00
00548588-fe5e-4cd1-a308-1a45536b9f9c;120232965437600160;lifecycle_120232965437600160;testing;cpm;79.9317;1761507285;2025-10-26 19:34:45.028258+00;2025-10-26 19:34:45.028258+00;2025-10-26 19:34:45.123405+00
0054d8c5-4822-481c-afcc-720ea199cef6;AD_VALID_3;lifecycle_AD_VALID_3;scaling;cpm;0.0000;1761511701;2025-10-26 20:48:21.711193+00;2025-10-26 20:48:21.711193+00;2025-10-26 20:48:21.780176+00
0055c527-7dc8-4eac-a74e-b634ecf6b3e6;120232056896520160;lifecycle_120232056896520160;scaling;impressions;1.0000;1761512922;2025-10-26 21:08:42.599543+00;2025-10-26 21:08:42.599543+00;2025-10-26 21:08:42.724617+00
005a3ded-6d2d-4d48-a5ee-5ee8a7b683fe;120232965433110160;lifecycle_120232965433110160;testing;add_to_cart;0.0000;1761504447;2025-10-26 18:47:27.093299+00;2025-10-26 18:47:27.093299+00;2025-10-26 18:47:27.225915+00
005f67b0-f406-486c-abc0-b02aca842409;120232965425640160;lifecycle_120232965425640160;testing;ctr;7.4074;1761462253;2025-10-26 07:04:13.341992+00;2025-10-26 07:04:13.341992+00;2025-10-26 07:04:13.435167+00
00601ed3-5529-4b80-83b5-aa52d8ee36b6;120232965437600160;lifecycle_120232965437600160;validation;impressions;93.0000;1761411911;2025-10-25 17:05:11.918024+00;2025-10-25 17:05:11.918024+00;2025-10-25 17:05:12.020443+00
0062c940-27d3-4bfb-824e-9d68cf2a5d8f;120232965425640160;lifecycle_120232965425640160;testing;impressions;112.0000;1761558289;2025-10-27 09:44:49.509444+00;2025-10-27 09:44:49.509444+00;2025-10-27 09:44:49.605978+00
00635045-1262-4d46-9995-71bb01ef76e4;120232965423280160;lifecycle_120232965423280160;scaling;impressions;1.0000;1761428091;2025-10-25 21:34:51.139147+00;2025-10-25 21:34:51.139147+00;2025-10-25 21:34:51.215886+00
0063775b-0f93-46c6-9a3b-330cc08c776f;120232056896520160;lifecycle_120232056896520160;testing;cpm;645.0000;1761565028;2025-10-27 11:37:08+00;2025-10-27 11:37:08.410439+00;2025-10-27 11:37:08.410439+00
006629f1-806f-4dce-88b7-2f919cfa583e;120232215972100160;lifecycle_120232215972100160;testing;purchases;0.0000;1761468164;2025-10-26 08:42:44.174002+00;2025-10-26 08:42:44.174002+00;2025-10-26 08:42:44.255139+00
00696510-3d5b-4d69-8193-11c740131965;120232965437600160;lifecycle_120232965437600160;scaling;ctr;1.3937;1761504498;2025-10-26 18:48:18.521268+00;2025-10-26 18:48:18.521268+00;2025-10-26 18:48:18.649878+00
006b6473-6299-4472-95b9-2eaf5a991c66;120232965425640160;lifecycle_120232965425640160;testing;spend;12.0600;1761565036;2025-10-27 11:37:16+00;2025-10-27 11:37:17.03529+00;2025-10-27 11:37:17.03529+00
006e5688-7584-4723-9f81-2e0bf1fabed2;120232965425640160;lifecycle_120232965425640160;scaling;cpm;180.0000;1761453782;2025-10-26 04:43:02.257537+00;2025-10-26 04:43:02.257537+00;2025-10-26 04:43:02.344379+00
006eca22-05e1-4f3a-9b77-f339f6c9c5cd;120232215972100160;lifecycle_120232215972100160;testing;add_to_cart;0.0000;1761393179;2025-10-25 11:52:59.037195+00;2025-10-25 11:52:59.037195+00;2025-10-25 11:52:59.145043+00
00721a29-ea45-49ab-aab8-f06f8f4a36e5;120232965437600160;lifecycle_120232965437600160;validation;add_to_cart;0.0000;1761595571;2025-10-27 20:06:11+00;2025-10-27 20:06:11.979683+00;2025-10-27 20:06:11.979683+00
0072e8c5-c6ad-4d03-bc4a-a3a36962a590;120232056896520160;lifecycle_120232056896520160;scaling;purchases;0.0000;1761605479;2025-10-27 22:51:19+00;2025-10-27 22:51:19.444532+00;2025-10-27 22:51:19.444532+00
007648ac-1f4b-4a39-8f91-5d516dff0cc0;120232965440920160;lifecycle_120232965440920160;testing;add_to_cart;0.0000;1761656851;2025-10-28 13:07:31+00;2025-10-28 13:07:31.442945+00;2025-10-28 13:07:31.442945+00
007785f0-b16c-4926-95a7-a4c779846c37;120232215972100160;lifecycle_120232215972100160;scaling;spend;3.8000;1761433534;2025-10-25 23:05:34.053702+00;2025-10-25 23:05:34.053702+00;2025-10-25 23:05:34.197941+00
0078431d-45b5-457d-ae0b-69fa88075302;120232056896520160;lifecycle_120232056896520160;testing;ctr;0.0000;1761576211;2025-10-27 14:43:31+00;2025-10-27 14:43:31.949887+00;2025-10-27 14:43:31.949887+00
007a36f5-779b-4eab-b4eb-e8fbb429fa9b;120233121784780160;lifecycle_120233121784780160;testing;cpm;103.5556;1761635126;2025-10-28 07:05:26+00;2025-10-28 07:05:26.182686+00;2025-10-28 07:05:26.182686+00
007b6324-7b32-4721-a2a7-abb44d55ae22;120232215972100160;lifecycle_120232215972100160;scaling;cpm;161.5385;1761510948;2025-10-26 20:35:48.964793+00;2025-10-26 20:35:48.964793+00;2025-10-26 20:35:49.072349+00
007dd27e-89cc-44f9-a4b6-2c83deb041d7;120232056896520160;lifecycle_120232056896520160;validation;purchases;0.0000;1761602802;2025-10-27 22:06:42+00;2025-10-27 22:06:42.28503+00;2025-10-27 22:06:42.28503+00
007de4c0-cb32-41a8-ad73-e5078d05d950;120232965440920160;lifecycle_120232965440920160;testing;purchases;0.0000;1761648386;2025-10-28 10:46:26+00;2025-10-28 10:46:26.698466+00;2025-10-28 10:46:26.698466+00
0080a814-9019-44c5-9000-2dc6dc3b362a;120232965433110160;lifecycle_120232965433110160;testing;spend;0.2200;1761583851;2025-10-27 16:50:51+00;2025-10-27 16:50:51.622217+00;2025-10-27 16:50:51.622217+00
0083ba1a-7af0-4278-a089-010e2bc92427;120232965440920160;lifecycle_120232965440920160;testing;impressions;6.0000;1761424799;2025-10-25 20:39:59.48031+00;2025-10-25 20:39:59.48031+00;2025-10-25 20:39:59.567006+00
0086dc5c-e496-403e-9829-0a8ec14c38f3;120233121784780160;lifecycle_120233121784780160;validation;clicks;0.0000;1761626728;2025-10-28 04:45:28+00;2025-10-28 04:45:28.50184+00;2025-10-28 04:45:28.50184+00
0088541c-91d1-4474-8cb8-e856187dfdca;120232965433110160;lifecycle_120232965433110160;scaling;purchases;0.0000;1761494778;2025-10-26 16:06:18.867498+00;2025-10-26 16:06:18.867498+00;2025-10-26 16:06:18.99077+00
008bc459-3530-46de-83bd-d37ff60de7e4;120232215972100160;lifecycle_120232215972100160;testing;impressions;47.0000;1761478481;2025-10-26 11:34:41.830754+00;2025-10-26 11:34:41.830754+00;2025-10-26 11:34:41.909152+00
008c8ee7-6e61-4778-b0f4-0f9da8480879;120232965423280160;lifecycle_120232965423280160;scaling;clicks;0.0000;1761564885;2025-10-27 11:34:45+00;2025-10-27 11:34:46.104813+00;2025-10-27 11:34:46.104813+00
008dd669-1cf1-4728-8dc0-0fadd9bbc722;120232965433110160;lifecycle_120232965433110160;testing;impressions;13.0000;1761588462;2025-10-27 18:07:42+00;2025-10-27 18:07:42.51204+00;2025-10-27 18:07:42.51204+00
008e8dde-fabd-4c01-8172-f6734b5cf0b8;120232965433110160;lifecycle_120232965433110160;validation;purchases;0.0000;1761566705;2025-10-27 12:05:05+00;2025-10-27 12:05:05.242913+00;2025-10-27 12:05:05.242913+00
008f2029-6584-4c6b-8603-356661ee8626;120232965440920160;lifecycle_120232965440920160;testing;purchases;0.0000;1761626701;2025-10-28 04:45:01+00;2025-10-28 04:45:01.245483+00;2025-10-28 04:45:01.245483+00
008fd3d1-a1ba-41d3-9ca7-aa94db118eb4;120232215972100160;lifecycle_120232215972100160;scaling;clicks;0.0000;1761550830;2025-10-27 07:40:30.230148+00;2025-10-27 07:40:30.230148+00;2025-10-27 07:40:30.313985+00
00920091-6558-44c2-9221-382a1a9b8b4a;120232965437600160;lifecycle_120232965437600160;testing;cpm;82.9032;1761559534;2025-10-27 10:05:34.919686+00;2025-10-27 10:05:34.919686+00;2025-10-27 10:05:35.008628+00
00929f45-0ec9-4841-9aa2-8b51e47e74c8;120232965437600160;lifecycle_120232965437600160;scaling;clicks;0.0000;1761552520;2025-10-27 08:08:40.713859+00;2025-10-27 08:08:40.713859+00;2025-10-27 08:08:40.798044+00
0092aa02-b8c7-4dbe-989b-f360f031ab77;120232965440920160;lifecycle_120232965440920160;scaling;add_to_cart;0.0000;1761593814;2025-10-27 19:36:54+00;2025-10-27 19:36:54.635098+00;2025-10-27 19:36:54.635098+00
0097508a-f8d2-49ec-bbd1-58081ea0c317;120232965440920160;lifecycle_120232965440920160;scaling;purchases;0.0000;1761651379;2025-10-28 11:36:19+00;2025-10-28 11:36:19.961026+00;2025-10-28 11:36:19.961026+00
009c2072-e426-4f70-a21c-825f0a230825;120232965437600160;lifecycle_120232965437600160;validation;spend;6.2400;1761601084;2025-10-27 21:38:04+00;2025-10-27 21:38:05.110926+00;2025-10-27 21:38:05.110926+00
009cb9fe-c495-44d4-802e-bc258b9e7755;120233121784780160;lifecycle_120233121784780160;scaling;impressions;72.0000;1761648438;2025-10-28 10:47:18+00;2025-10-28 10:47:18.271281+00;2025-10-28 10:47:18.271281+00
00a2701f-7a93-405d-a93c-53f5bf1c3570;120233121784780160;lifecycle_120233121784780160;testing;impressions;179.0000;1761670288;2025-10-28 16:51:28+00;2025-10-28 16:51:28.567156+00;2025-10-28 16:51:28.567156+00
00a7a8b1-3a3f-499f-9b45-95d31f4944cd;120232965437600160;lifecycle_120232965437600160;scaling;add_to_cart;0.0000;1761419290;2025-10-25 19:08:10.902313+00;2025-10-25 19:08:10.902313+00;2025-10-25 19:08:10.988375+00
00a7d6ac-4630-4d8a-b38a-f41f3128b87f;120232215972100160;lifecycle_120232215972100160;scaling;spend;1.2800;1761565088;2025-10-27 11:38:08+00;2025-10-27 11:38:08.197664+00;2025-10-27 11:38:08.197664+00
00ad37f5-daac-48ed-b877-7cb4ef029c51;120232965435960160;lifecycle_120232965435960160;scaling;spend;3.0700;1761677606;2025-10-28 18:53:26+00;2025-10-28 18:53:26.514768+00;2025-10-28 18:53:26.514768+00
00ae598d-478f-41a5-84d6-58cd398619c1;120232965433110160;lifecycle_120232965433110160;validation;clicks;1.0000;1761591955;2025-10-27 19:05:55+00;2025-10-27 19:05:55.497409+00;2025-10-27 19:05:55.497409+00
00b0b1c1-e1ff-476c-9219-2a54a811aef3;120232965437600160;lifecycle_120232965437600160;validation;ctr;1.6000;1761475270;2025-10-26 10:41:10.150791+00;2025-10-26 10:41:10.150791+00;2025-10-26 10:41:10.243861+00
00b7dbf6-29ae-45ce-a45d-89e355e21153;120232965440920160;lifecycle_120232965440920160;testing;purchases;0.0000;1761635124;2025-10-28 07:05:24+00;2025-10-28 07:05:24.606604+00;2025-10-28 07:05:24.606604+00
00b8fe3b-a653-4849-9415-4378fe6a50c3;120232056896520160;lifecycle_120232056896520160;validation;add_to_cart;0.0000;1761419251;2025-10-25 19:07:31.475078+00;2025-10-25 19:07:31.475078+00;2025-10-25 19:07:31.573075+00
00b98cc5-bff1-4d55-8eee-f73807def20e;120232056896520160;lifecycle_120232056896520160;scaling;add_to_cart;0.0000;1761403496;2025-10-25 14:44:56.49209+00;2025-10-25 14:44:56.49209+00;2025-10-25 14:44:56.605441+00
00c0fbf4-9a8e-494f-be79-d11085b88eb1;120232965435960160;lifecycle_120232965435960160;scaling;purchases;0.0000;1761593806;2025-10-27 19:36:46+00;2025-10-27 19:36:46.400337+00;2025-10-27 19:36:46.400337+00
00c83f8d-dd12-4c2c-8ef3-57496ad90030;120232056896520160;lifecycle_120232056896520160;validation;ctr;0.0000;1761555045;2025-10-27 08:50:45.801089+00;2025-10-27 08:50:45.801089+00;2025-10-27 08:50:45.877853+00
00cb0453-89c1-4a4a-8722-7236c8b4b1d8;120232965440920160;lifecycle_120232965440920160;testing;purchases;0.0000;1761475260;2025-10-26 10:41:00.054098+00;2025-10-26 10:41:00.054098+00;2025-10-26 10:41:00.140565+00
00d10ca4-156b-4e7f-b7e7-82e4f3ac1acd;120232965435960160;lifecycle_120232965435960160;scaling;impressions;4.0000;1761618353;2025-10-28 02:25:53+00;2025-10-28 02:25:53.849794+00;2025-10-28 02:25:53.849794+00
00d30d9e-fe6e-416c-a54d-b5d0f03a1313;120232965437600160;lifecycle_120232965437600160;testing;ctr;1.7391;1761453759;2025-10-26 04:42:39.758746+00;2025-10-26 04:42:39.758746+00;2025-10-26 04:42:39.843249+00
00e3bba3-a9c6-45a3-bc7a-21e13bcb8ebe;120232056896520160;lifecycle_120232056896520160;validation;clicks;0.0000;1761401103;2025-10-25 14:05:03.765596+00;2025-10-25 14:05:03.765596+00;2025-10-25 14:05:03.857617+00
00e756f2-fa4a-4fb1-964e-a28ffc66214f;120233121784780160;lifecycle_120233121784780160;scaling;ctr;1.6760;1761670360;2025-10-28 16:52:40+00;2025-10-28 16:52:40.32623+00;2025-10-28 16:52:40.32623+00
00e7d7ac-2ff2-494f-b524-f3fd6189281b;120232965425640160;lifecycle_120232965425640160;validation;purchases;0.0000;1761413038;2025-10-25 17:23:58.500449+00;2025-10-25 17:23:58.500449+00;2025-10-25 17:23:58.619587+00
00e96e81-41f1-414b-a1ea-0bb6aa0e5b0a;120232965440920160;lifecycle_120232965440920160;validation;ctr;12.5000;1761677581;2025-10-28 18:53:01+00;2025-10-28 18:53:01.875377+00;2025-10-28 18:53:01.875377+00
00fcbf1c-bea4-44ce-8ee0-938537cf04aa;120232965437600160;lifecycle_120232965437600160;scaling;spend;17.5600;1761450925;2025-10-26 03:55:25.450836+00;2025-10-26 03:55:25.450836+00;2025-10-26 03:55:25.581471+00
010abf9d-0554-47d7-82c7-f45e00d6f108;120232965440920160;lifecycle_120232965440920160;testing;spend;2.2800;1761491110;2025-10-26 15:05:10.789704+00;2025-10-26 15:05:10.789704+00;2025-10-26 15:05:10.887682+00
010fcc80-9b2c-441e-aad9-63b26dc33a6e;120232965437600160;lifecycle_120232965437600160;scaling;ctr;1.5810;1761478513;2025-10-26 11:35:13.410491+00;2025-10-26 11:35:13.410491+00;2025-10-26 11:35:13.491803+00
01161426-592d-4cff-94ea-1ff238714e11;120232965429540160;lifecycle_120232965429540160;validation;add_to_cart;0.0000;1761549296;2025-10-27 07:14:56.112466+00;2025-10-27 07:14:56.112466+00;2025-10-27 07:14:56.190544+00
0116d5e5-118d-40f6-b0ee-fbfe6669d20c;120232965435960160;lifecycle_120232965435960160;scaling;spend;2.7700;1761671612;2025-10-28 17:13:32+00;2025-10-28 17:13:33.137712+00;2025-10-28 17:13:33.137712+00
0118178a-f8ee-4ebd-9d49-65592dcd8f6e;120232965433110160;lifecycle_120232965433110160;testing;ctr;0.0000;1761641373;2025-10-28 08:49:33+00;2025-10-28 08:49:34.150107+00;2025-10-28 08:49:34.150107+00
01183d2d-ecda-4cb7-b66d-b89d7a016068;120232965437600160;lifecycle_120232965437600160;validation;impressions;40.0000;1761583898;2025-10-27 16:51:38+00;2025-10-27 16:51:38.229136+00;2025-10-27 16:51:38.229136+00
011c489e-accb-4518-8189-cf4f4c78bcb1;120233129307020160;lifecycle_120233129307020160;validation;spend;4.8600;1761678369;2025-10-28 19:06:09+00;2025-10-28 19:06:09.419155+00;2025-10-28 19:06:09.419155+00
0120a5ee-f524-4a90-9029-df63554d1f78;120232965433110160;lifecycle_120232965433110160;scaling;ctr;8.3333;1761573137;2025-10-27 13:52:17+00;2025-10-27 13:52:17.714047+00;2025-10-27 13:52:17.714047+00
0122a129-e0fa-4905-baed-af8f0e6177bf;120232215972100160;lifecycle_120232215972100160;validation;add_to_cart;0.0000;1761468173;2025-10-26 08:42:53.543116+00;2025-10-26 08:42:53.543116+00;2025-10-26 08:42:53.618725+00
0127cc87-6297-414d-89d5-521df7543cb7;120232215972100160;lifecycle_120232215972100160;testing;purchases;0.0000;1761635116;2025-10-28 07:05:16+00;2025-10-28 07:05:16.313955+00;2025-10-28 07:05:16.313955+00
012c2bd7-ea45-470b-a40f-46a9c6525564;120232965440920160;lifecycle_120232965440920160;validation;impressions;6.0000;1761424821;2025-10-25 20:40:21.348428+00;2025-10-25 20:40:21.348428+00;2025-10-25 20:40:21.438977+00
012df798-3b54-440e-8f38-c75e30ff97a1;120233129307020160;lifecycle_120233129307020160;scaling;purchases;0.0000;1761662827;2025-10-28 14:47:07+00;2025-10-28 14:47:08.056477+00;2025-10-28 14:47:08.056477+00
01301286-e896-406e-b023-16d5c1f1b1b8;120232215972100160;lifecycle_120232215972100160;scaling;impressions;44.0000;1761599192;2025-10-27 21:06:32+00;2025-10-27 21:06:32.515696+00;2025-10-27 21:06:32.515696+00
013524bd-1fee-42fe-b3f1-1999f0cb3e11;120232965423280160;lifecycle_120232965423280160;scaling;cpm;0.0000;1761555972;2025-10-27 09:06:12.525428+00;2025-10-27 09:06:12.525428+00;2025-10-27 09:06:12.607538+00
01380801-978e-4390-8579-6a48f08a5583;120232965423280160;lifecycle_120232965423280160;testing;cpm;0.0000;1761424791;2025-10-25 20:39:51.583739+00;2025-10-25 20:39:51.583739+00;2025-10-25 20:39:51.672461+00
013c7036-d6cf-443d-bfb8-54382163d75e;120232965425640160;lifecycle_120232965425640160;testing;purchases;0.0000;1761552467;2025-10-27 08:07:47.415193+00;2025-10-27 08:07:47.415193+00;2025-10-27 08:07:47.493895+00
013f124f-3be4-4f88-b221-fb9c508049c6;120233129307020160;lifecycle_120233129307020160;testing;purchases;0.0000;1761645943;2025-10-28 10:05:43+00;2025-10-28 10:05:43.796102+00;2025-10-28 10:05:43.796102+00
013f5040-42a2-4870-8a9e-a8729a45d577;120232965440920160;lifecycle_120232965440920160;scaling;purchases;0.0000;1761475288;2025-10-26 10:41:28.97734+00;2025-10-26 10:41:28.97734+00;2025-10-26 10:41:29.076814+00
013f7f90-600d-46f3-82f5-71820c8987b6;120233121784780160;lifecycle_120233121784780160;scaling;spend;22.1300;1761671621;2025-10-28 17:13:41+00;2025-10-28 17:13:41.448568+00;2025-10-28 17:13:41.448568+00
01401085-f90c-4fcd-8413-6bfd227cafbc;120233129307020160;lifecycle_120233129307020160;validation;impressions;119.0000;1761649552;2025-10-28 11:05:52+00;2025-10-28 11:05:52.420391+00;2025-10-28 11:05:52.420391+00
014247a6-3e99-4034-82e2-b4edde5a3e5b;120232965429540160;lifecycle_120232965429540160;scaling;add_to_cart;0.0000;1761549322;2025-10-27 07:15:22.184259+00;2025-10-27 07:15:22.184259+00;2025-10-27 07:15:22.264843+00
014355dd-bb86-41e1-9ad7-1ce8c1dc6689;120232056896520160;lifecycle_120232056896520160;scaling;impressions;5.0000;1761411218;2025-10-25 16:53:38.305597+00;2025-10-25 16:53:38.305597+00;2025-10-25 16:53:38.464762+00
014509ff-8d24-433e-b97b-4402b06e3ece;120232965440920160;lifecycle_120232965440920160;scaling;cpm;20.0000;1761564909;2025-10-27 11:35:09+00;2025-10-27 11:35:09.922952+00;2025-10-27 11:35:09.922952+00
014704ae-32ec-46cd-8c9d-c3c462e63dc7;120232965425640160;lifecycle_120232965425640160;validation;spend;6.2400;1761489533;2025-10-26 14:38:53.316876+00;2025-10-26 14:38:53.316876+00;2025-10-26 14:38:53.416044+00
014781fd-fb60-48ff-8547-1857ef775c04;120232215972100160;lifecycle_120232215972100160;testing;purchases;0.0000;1761422694;2025-10-25 20:04:54.221954+00;2025-10-25 20:04:54.221954+00;2025-10-25 20:04:54.302598+00
0148f029-a16b-4681-8271-3ac371d393c0;120233121784780160;lifecycle_120233121784780160;validation;purchases;0.0000;1761628069;2025-10-28 05:07:49+00;2025-10-28 05:07:50.000161+00;2025-10-28 05:07:50.000161+00
014b8fb6-b11e-4f1f-9f19-57c6cf119b1e;120232965423280160;lifecycle_120232965423280160;testing;add_to_cart;0.0000;1761548116;2025-10-27 06:55:16.962921+00;2025-10-27 06:55:16.962921+00;2025-10-27 06:55:17.100522+00
01514f57-afad-4824-8a20-0c3f8a92d87d;120232215972100160;lifecycle_120232215972100160;validation;spend;9.7700;1761584825;2025-10-27 17:07:05+00;2025-10-27 17:07:05.638705+00;2025-10-27 17:07:05.638705+00
01537a8f-bb9e-43f0-aad9-895aad33c2e0;120232965429540160;lifecycle_120232965429540160;scaling;cpm;30.0000;1761604981;2025-10-27 22:43:01+00;2025-10-27 22:43:02.07258+00;2025-10-27 22:43:02.07258+00
015a0ecc-a62f-449d-a89a-a36d6da77b33;120232965433110160;lifecycle_120232965433110160;testing;add_to_cart;0.0000;1761564821;2025-10-27 11:33:41+00;2025-10-27 11:33:41.192438+00;2025-10-27 11:33:41.192438+00
015aa3c9-40b9-411d-bf6b-e8982dfc1029;120232215972100160;lifecycle_120232215972100160;scaling;ctr;6.4516;1761584877;2025-10-27 17:07:57+00;2025-10-27 17:07:57.846499+00;2025-10-27 17:07:57.846499+00
015fc737-6a4d-4e81-8cca-596581df614b;120232965425640160;lifecycle_120232965425640160;testing;purchases;0.0000;1761588458;2025-10-27 18:07:38+00;2025-10-27 18:07:38.72648+00;2025-10-27 18:07:38.72648+00
0166fcae-fcb0-4ca5-9da9-a21d80f735b6;120232965440920160;lifecycle_120232965440920160;scaling;add_to_cart;0.0000;1761659425;2025-10-28 13:50:25+00;2025-10-28 13:50:25.583749+00;2025-10-28 13:50:25.583749+00
01690039-5dc0-4ebe-bcb7-d1923687e4a2;120232965437600160;lifecycle_120232965437600160;testing;impressions;40.0000;1761581137;2025-10-27 16:05:37+00;2025-10-27 16:05:37.642374+00;2025-10-27 16:05:37.642374+00
016c3340-002c-49c3-b66a-e9b5e91f767c;120232056896520160;lifecycle_120232056896520160;testing;ctr;0.0000;1761605403;2025-10-27 22:50:03+00;2025-10-27 22:50:03.236593+00;2025-10-27 22:50:03.236593+00
016ff51c-1e1d-4089-bdcb-6ef59b08c244;120232965435960160;lifecycle_120232965435960160;validation;cpm;60.6250;1761645954;2025-10-28 10:05:54+00;2025-10-28 10:05:55.013852+00;2025-10-28 10:05:55.013852+00
0171d242-8874-4fef-a1a1-d792166126e6;120232965425640160;lifecycle_120232965425640160;scaling;cpm;143.8889;1761483699;2025-10-26 13:01:39.240824+00;2025-10-26 13:01:39.240824+00;2025-10-26 13:01:39.365346+00
0174eb4f-63e2-40ae-9f4d-d32dc9c7d560;120232215972100160;lifecycle_120232215972100160;testing;ctr;0.0000;1761404780;2025-10-25 15:06:20.544948+00;2025-10-25 15:06:20.544948+00;2025-10-25 15:06:20.654368+00
0178432f-0e00-4d99-b3c4-caf907d666e2;120232965423280160;lifecycle_120232965423280160;scaling;cpm;0.0000;1761570600;2025-10-27 13:10:00+00;2025-10-27 13:10:00.52301+00;2025-10-27 13:10:00.52301+00
017c4adf-e0a3-4f62-8c4f-046d7087fd53;120232215972100160;lifecycle_120232215972100160;validation;spend;10.4100;1761504460;2025-10-26 18:47:40.294119+00;2025-10-26 18:47:40.294119+00;2025-10-26 18:47:40.424938+00
017dff2e-a2ed-4250-96d0-3e6ae4a384dd;120232965423280160;lifecycle_120232965423280160;scaling;purchases;0.0000;1761426461;2025-10-25 21:07:41.643805+00;2025-10-25 21:07:41.643805+00;2025-10-25 21:07:41.724451+00
017e1ced-1864-4d62-86cd-c1a01071f653;120232965440920160;lifecycle_120232965440920160;validation;purchases;0.0000;1761412380;2025-10-25 17:13:00.902022+00;2025-10-25 17:13:00.902022+00;2025-10-25 17:13:01.004986+00
017f06f5-0d25-4a13-8aa9-02c65c33972b;120232215972100160;lifecycle_120232215972100160;validation;ctr;0.0000;1761426311;2025-10-25 21:05:11.57905+00;2025-10-25 21:05:11.57905+00;2025-10-25 21:05:11.673575+00
017fff7a-4493-405e-a361-a43f8ff815e9;120233129307020160;lifecycle_120233129307020160;validation;impressions;156.0000;1761680148;2025-10-28 19:35:48+00;2025-10-28 19:35:48.196315+00;2025-10-28 19:35:48.196315+00
01837ea0-2413-4257-997d-97cae62dedf0;120232965429540160;lifecycle_120232965429540160;scaling;purchases;0.0000;1761555979;2025-10-27 09:06:19.229465+00;2025-10-27 09:06:19.229465+00;2025-10-27 09:06:19.309055+00
018b8115-f8f1-40f8-ab53-37863cfdfcfa;120232965440920160;lifecycle_120232965440920160;validation;spend;2.2100;1761469522;2025-10-26 09:05:22.984428+00;2025-10-26 09:05:22.984428+00;2025-10-26 09:05:23.061021+00
018cad8e-8285-42a4-846c-1b60590ba74e;120232965437600160;lifecycle_120232965437600160;scaling;add_to_cart;0.0000;1761504499;2025-10-26 18:48:19.411784+00;2025-10-26 18:48:19.411784+00;2025-10-26 18:48:19.539835+00
019335bf-dce3-4d96-9104-d10943d7eb2d;120232215972100160;lifecycle_120232215972100160;validation;ctr;0.0000;1761413028;2025-10-25 17:23:48.583039+00;2025-10-25 17:23:48.583039+00;2025-10-25 17:23:48.698658+00
01972a81-edc8-4ed7-af7a-bcadbc55991a;120232965433110160;lifecycle_120232965433110160;testing;cpm;18.4615;1761591923;2025-10-27 19:05:23+00;2025-10-27 19:05:23.568845+00;2025-10-27 19:05:23.568845+00
019892de-3aec-4b41-99f5-82ca1d269640;120232965440920160;lifecycle_120232965440920160;testing;add_to_cart;0.0000;1761597707;2025-10-27 20:41:47+00;2025-10-27 20:41:47.508611+00;2025-10-27 20:41:47.508611+00
019a420a-f8d8-4233-bbfe-c4fad2abab65;120232965425640160;lifecycle_120232965425640160;testing;purchases;0.0000;1761574014;2025-10-27 14:06:54+00;2025-10-27 14:06:54.769681+00;2025-10-27 14:06:54.769681+00
019a475a-b7e7-497c-a6bb-136d5114c2b8;120232965433110160;lifecycle_120232965433110160;validation;cpm;48.2353;1761634412;2025-10-28 06:53:32+00;2025-10-28 06:53:32.29672+00;2025-10-28 06:53:32.29672+00
019c9c68-bf53-43da-9c02-57ad9be445c8;120232056896520160;lifecycle_120232056896520160;testing;impressions;1.0000;1761511792;2025-10-26 20:49:52.094975+00;2025-10-26 20:49:52.094975+00;2025-10-26 20:49:52.217363+00
019cf906-6bc1-4612-b7c1-aaf0bbacfd6b;120232965440920160;lifecycle_120232965440920160;validation;spend;0.0700;1761566714;2025-10-27 12:05:14+00;2025-10-27 12:05:14.668314+00;2025-10-27 12:05:14.668314+00
019d030f-dbf9-4569-a432-06a318d01c77;120232965440920160;lifecycle_120232965440920160;testing;spend;2.2100;1761464048;2025-10-26 07:34:08.247077+00;2025-10-26 07:34:08.247077+00;2025-10-26 07:34:08.323499+00
019d5a4f-3a15-4f72-a659-99e954c66550;120232965423280160;lifecycle_120232965423280160;validation;spend;0.0000;1761555948;2025-10-27 09:05:48.029208+00;2025-10-27 09:05:48.029208+00;2025-10-27 09:05:48.109753+00
01a11106-7693-460d-822e-89ab97584fbd;120232965423280160;lifecycle_120232965423280160;validation;cpm;0.0000;1761583872;2025-10-27 16:51:12+00;2025-10-27 16:51:12.350023+00;2025-10-27 16:51:12.350023+00
01a29bca-f5c0-47c8-b6c4-8a9db6d73e5b;120232965425640160;lifecycle_120232965425640160;validation;purchases;0.0000;1761512904;2025-10-26 21:08:24.151902+00;2025-10-26 21:08:24.151902+00;2025-10-26 21:08:24.274543+00
01a318fb-d2db-4ea9-a425-dea12e1ef4e4;120232056896520160;lifecycle_120232056896520160;scaling;purchases;0.0000;1761555966;2025-10-27 09:06:06.667269+00;2025-10-27 09:06:06.667269+00;2025-10-27 09:06:06.751569+00
01a44e1f-915e-400b-acd3-19694bba536d;120232965425640160;lifecycle_120232965425640160;scaling;purchases;0.0000;1761502100;2025-10-26 18:08:20.166645+00;2025-10-26 18:08:20.166645+00;2025-10-26 18:08:20.27235+00
01a9c1e5-ed98-429b-a480-31ccf1677fe8;120232965425640160;lifecycle_120232965425640160;testing;add_to_cart;0.0000;1761404786;2025-10-25 15:06:26.265496+00;2025-10-25 15:06:26.265496+00;2025-10-25 15:06:26.37361+00
01b1de0a-ecfb-45ae-8f70-d79f9831f68b;120232965437600160;lifecycle_120232965437600160;testing;spend;19.0500;1761458694;2025-10-26 06:04:54.005832+00;2025-10-26 06:04:54.005832+00;2025-10-26 06:04:54.081835+00
01b1fed1-69de-464c-ba5d-96525de7a518;120232056896520160;lifecycle_120232056896520160;validation;spend;1.7900;1761426308;2025-10-25 21:05:08.898268+00;2025-10-25 21:05:08.898268+00;2025-10-25 21:05:08.99398+00
01b94876-4754-4eb2-8649-68b4e825fa71;120232056896520160;lifecycle_120232056896520160;scaling;impressions;2.0000;1761597754;2025-10-27 20:42:34+00;2025-10-27 20:42:34.260371+00;2025-10-27 20:42:34.260371+00
01bae1cb-4345-4b73-a648-a838c8100b5c;120232215972100160;lifecycle_120232215972100160;scaling;ctr;0.0000;1761426457;2025-10-25 21:07:37.994059+00;2025-10-25 21:07:37.994059+00;2025-10-25 21:07:38.067927+00
01bb4822-3298-4faf-91e8-976a6a76d35a;120232056896520160;lifecycle_120232056896520160;scaling;ctr;40.0000;1761417966;2025-10-25 18:46:06.562568+00;2025-10-25 18:46:06.562568+00;2025-10-25 18:46:06.646058+00
01bcf76c-3a49-4bf5-8c16-2fa60afff3e4;120232965440920160;lifecycle_120232965440920160;testing;impressions;32.0000;1761476732;2025-10-26 11:05:32.671893+00;2025-10-26 11:05:32.671893+00;2025-10-26 11:05:32.796437+00
01bdb463-457a-4f80-a5d0-714014fc01b5;120232056896520160;lifecycle_120232056896520160;scaling;add_to_cart;0.0000;1761417967;2025-10-25 18:46:07.148182+00;2025-10-25 18:46:07.148182+00;2025-10-25 18:46:07.231731+00
01bddc72-a3cc-44af-9c50-0f0b459b5405;120232965423280160;lifecycle_120232965423280160;testing;impressions;1.0000;1761399830;2025-10-25 13:43:50.057966+00;2025-10-25 13:43:50.057966+00;2025-10-25 13:43:50.137163+00
01bfb008-58d7-4a7d-811d-f811f66b0f17;120232965425640160;lifecycle_120232965425640160;testing;add_to_cart;0.0000;1761468165;2025-10-26 08:42:45.679842+00;2025-10-26 08:42:45.679842+00;2025-10-26 08:42:45.76003+00
01c13bf5-2e7c-4ad9-90d3-3fad729816d1;120232965433110160;lifecycle_120232965433110160;scaling;add_to_cart;0.0000;1761568272;2025-10-27 12:31:12+00;2025-10-27 12:31:13.011767+00;2025-10-27 12:31:13.011767+00
01c956ca-7cd7-4883-be52-40049ec6ec6e;120232215972100160;lifecycle_120232215972100160;scaling;clicks;0.0000;1761565736;2025-10-27 11:48:56+00;2025-10-27 11:48:56.335205+00;2025-10-27 11:48:56.335205+00
01ca87d8-1931-4b47-9a83-a2fc18b78280;120233121784780160;lifecycle_120233121784780160;validation;cpm;113.6866;1761678363;2025-10-28 19:06:03+00;2025-10-28 19:06:03.89584+00;2025-10-28 19:06:03.89584+00
01cbfb8d-95fc-49f3-84c4-a8689c04e1f3;120232215972100160;lifecycle_120232215972100160;scaling;impressions;47.0000;1761478505;2025-10-26 11:35:05.498088+00;2025-10-26 11:35:05.498088+00;2025-10-26 11:35:05.579844+00
01d0089d-f724-4eb0-aac2-36ae6854efd5;120232965437600160;lifecycle_120232965437600160;testing;purchases;0.0000;1761433502;2025-10-25 23:05:02.957244+00;2025-10-25 23:05:02.957244+00;2025-10-25 23:05:03.103636+00
01d4c8e8-5116-45d7-8c92-9fa196e4b853;120232965423280160;lifecycle_120232965423280160;testing;clicks;0.0000;1761602773;2025-10-27 22:06:13+00;2025-10-27 22:06:13.702691+00;2025-10-27 22:06:13.702691+00
01dc5629-73ff-4ec6-9fac-8cc3ffd35f42;120232056896520160;lifecycle_120232056896520160;testing;cpm;40.0000;1761509123;2025-10-26 20:05:23.361513+00;2025-10-26 20:05:23.361513+00;2025-10-26 20:05:23.448205+00
01dce090-a4a3-4f80-9f68-349b01dedc50;120232965433110160;lifecycle_120232965433110160;testing;ctr;0.0000;1761468166;2025-10-26 08:42:46.76622+00;2025-10-26 08:42:46.76622+00;2025-10-26 08:42:46.853403+00
01e2703f-6bf5-4017-a0be-9c559e9830a6;120232965435960160;lifecycle_120232965435960160;scaling;clicks;1.0000;1761653235;2025-10-28 12:07:15+00;2025-10-28 12:07:15.576945+00;2025-10-28 12:07:15.576945+00
01e51c3a-a375-48bf-91a4-79464b9b1863;120232215972100160;lifecycle_120232215972100160;validation;add_to_cart;0.0000;1761476737;2025-10-26 11:05:37.058223+00;2025-10-26 11:05:37.058223+00;2025-10-26 11:05:37.188002+00
01ea445d-ccae-49f9-96ef-b225022804e3;120232965425640160;lifecycle_120232965425640160;validation;impressions;46.0000;1761491117;2025-10-26 15:05:17.28575+00;2025-10-26 15:05:17.28575+00;2025-10-26 15:05:17.387796+00
01ed06a5-7114-4e40-ab04-bf4cc220c0e9;120232215972100160;lifecycle_120232215972100160;scaling;clicks;1.0000;1761679206;2025-10-28 19:20:06+00;2025-10-28 19:20:06.589469+00;2025-10-28 19:20:06.589469+00
01f9bb99-6566-43ed-bb38-310cc97abb73;120232965433110160;lifecycle_120232965433110160;validation;purchases;0.0000;1761411909;2025-10-25 17:05:09.641091+00;2025-10-25 17:05:09.641091+00;2025-10-25 17:05:09.726692+00
0200a0a3-4adf-47f7-bf63-fd0f84be7df3;120232965425640160;lifecycle_120232965425640160;scaling;add_to_cart;0.0000;1761604934;2025-10-27 22:42:14+00;2025-10-27 22:42:14.41604+00;2025-10-27 22:42:14.41604+00
020219c5-0648-4483-ad64-51dca8ad61dd;120232056896520160;lifecycle_120232056896520160;validation;cpm;40.0000;1761509846;2025-10-26 20:17:26.767405+00;2025-10-26 20:17:26.767405+00;2025-10-26 20:17:26.873824+00
0203eba9-d345-4d5d-9d79-0c90e03ca154;120232215972100160;lifecycle_120232215972100160;validation;add_to_cart;0.0000;1761635256;2025-10-28 07:07:36+00;2025-10-28 07:07:36.376668+00;2025-10-28 07:07:36.376668+00
02071469-4ebd-4359-8069-a88a78dda3fa;120232965433110160;lifecycle_120232965433110160;scaling;impressions;18.0000;1761644609;2025-10-28 09:43:29+00;2025-10-28 09:43:29.584948+00;2025-10-28 09:43:29.584948+00
02072682-d687-46af-b00d-58f18fc51908;120232965440920160;lifecycle_120232965440920160;scaling;impressions;3.0000;1761630251;2025-10-28 05:44:11+00;2025-10-28 05:44:11.36872+00;2025-10-28 05:44:11.36872+00
020a5ccb-e93e-47a6-a56a-eb0cf5901158;120232965433110160;lifecycle_120232965433110160;scaling;cpm;10.7143;1761397700;2025-10-25 13:08:20.209419+00;2025-10-25 13:08:20.209419+00;2025-10-25 13:08:20.334781+00
020d5c00-bd58-4097-bd3e-8dd70111f373;120232965433110160;lifecycle_120232965433110160;scaling;ctr;6.6667;1761601124;2025-10-27 21:38:44+00;2025-10-27 21:38:44.914556+00;2025-10-27 21:38:44.914556+00
0212dc5b-9589-4f92-9dd5-4388da9ab6f6;120232965429540160;lifecycle_120232965429540160;testing;add_to_cart;0.0000;1761604858;2025-10-27 22:40:58+00;2025-10-27 22:40:59.026282+00;2025-10-27 22:40:59.026282+00
02145e28-0e84-4431-8947-573703cbec7f;120233129307020160;lifecycle_120233129307020160;validation;add_to_cart;0.0000;1761662799;2025-10-28 14:46:39+00;2025-10-28 14:46:39.455294+00;2025-10-28 14:46:39.455294+00
021548a1-cff1-4ade-98aa-bced998869ff;120232056896520160;lifecycle_120232056896520160;scaling;clicks;2.0000;1761426455;2025-10-25 21:07:35.434887+00;2025-10-25 21:07:35.434887+00;2025-10-25 21:07:35.515204+00
02186e16-6dcd-4aff-8276-8b7ef7a13f84;120232965425640160;lifecycle_120232965425640160;scaling;cpm;105.7391;1761566740;2025-10-27 12:05:40+00;2025-10-27 12:05:40.370457+00;2025-10-27 12:05:40.370457+00
021cc790-dfa3-4c73-8dd9-ffc7f1814e3c;120232965437600160;lifecycle_120232965437600160;scaling;add_to_cart;0.0000;1761584910;2025-10-27 17:08:30+00;2025-10-27 17:08:30.917356+00;2025-10-27 17:08:30.917356+00
0225d4fe-90d1-4878-9f4a-ffcd9fec5b61;120232965425640160;lifecycle_120232965425640160;validation;spend;7.7000;1761497132;2025-10-26 16:45:32.98142+00;2025-10-26 16:45:32.98142+00;2025-10-26 16:45:33.12134+00
022cd1fc-2173-4b89-97db-30aab686d9a2;120233121784780160;lifecycle_120233121784780160;validation;purchases;0.0000;1761645964;2025-10-28 10:06:04+00;2025-10-28 10:06:04.846733+00;2025-10-28 10:06:04.846733+00
02321bea-3434-4e9d-8d0c-1c6d619846c3;120232965440920160;lifecycle_120232965440920160;scaling;clicks;0.0000;1761494785;2025-10-26 16:06:25.968527+00;2025-10-26 16:06:25.968527+00;2025-10-26 16:06:26.086776+00
023383e3-117d-4f15-81b9-556ce5faeb8e;120232965440920160;lifecycle_120232965440920160;testing;impressions;31.0000;1761469507;2025-10-26 09:05:07.943258+00;2025-10-26 09:05:07.943258+00;2025-10-26 09:05:08.020845+00
0234020b-50e4-47ce-a0d7-c174abd2c363;120232965440920160;lifecycle_120232965440920160;testing;cpm;17.5000;1761566725;2025-10-27 12:05:25+00;2025-10-27 12:05:25.555084+00;2025-10-27 12:05:25.555084+00
023659c0-a944-4d39-aacc-f12b42922da7;120232965435960160;lifecycle_120232965435960160;testing;clicks;0.0000;1761597701;2025-10-27 20:41:41+00;2025-10-27 20:41:41.465111+00;2025-10-27 20:41:41.465111+00
0239fcd6-1826-49ef-a085-47ada51427c3;120232965433110160;lifecycle_120232965433110160;validation;purchases;0.0000;1761547073;2025-10-27 06:37:53.515891+00;2025-10-27 06:37:53.515891+00;2025-10-27 06:37:53.595768+00
023bed41-0dc3-40de-84ea-513fab942a76;120232965433110160;lifecycle_120232965433110160;scaling;impressions;21.0000;1761666322;2025-10-28 15:45:22+00;2025-10-28 15:45:22.787966+00;2025-10-28 15:45:22.787966+00
023c88e0-de4c-4912-8ec1-285d2e048834;120232056896520160;lifecycle_120232056896520160;scaling;purchases;0.0000;1761568247;2025-10-27 12:30:47+00;2025-10-27 12:30:47.273824+00;2025-10-27 12:30:47.273824+00
023d0a6f-8510-4f1f-9786-d6bffb617f3f;120232965425640160;lifecycle_120232965425640160;testing;cpm;157.4194;1761469501;2025-10-26 09:05:01.103088+00;2025-10-26 09:05:01.103088+00;2025-10-26 09:05:01.179531+00
023ee028-5891-4524-9d9e-24141ce3521e;120232965425640160;lifecycle_120232965425640160;testing;cpm;143.9474;1761484975;2025-10-26 13:22:55.611002+00;2025-10-26 13:22:55.611002+00;2025-10-26 13:22:55.730818+00
023f40cb-55f4-41c5-928d-d43bf71b3c00;120232965423280160;lifecycle_120232965423280160;testing;purchases;0.0000;1761397636;2025-10-25 13:07:16.451188+00;2025-10-25 13:07:16.451188+00;2025-10-25 13:07:16.578373+00
0245efed-75f7-4ef9-9c0e-d2a275a1d919;120232215972100160;lifecycle_120232215972100160;testing;ctr;0.0000;1761417933;2025-10-25 18:45:33.875758+00;2025-10-25 18:45:33.875758+00;2025-10-25 18:45:33.954085+00
02475280-d972-43fd-b84d-8621f9cdc10e;120233121784780160;lifecycle_120233121784780160;testing;purchases;0.0000;1761635127;2025-10-28 07:05:27+00;2025-10-28 07:05:27.463873+00;2025-10-28 07:05:27.463873+00
0249c6db-5c2f-4d94-b1fb-7a4659f88185;120232965440920160;lifecycle_120232965440920160;testing;impressions;5.0000;1761649522;2025-10-28 11:05:22+00;2025-10-28 11:05:22.642551+00;2025-10-28 11:05:22.642551+00
024b32ad-aa52-4f40-af01-7ce17ef3c208;120232965437600160;lifecycle_120232965437600160;validation;ctr;0.0000;1761568229;2025-10-27 12:30:29+00;2025-10-27 12:30:29.996276+00;2025-10-27 12:30:29.996276+00
0250c6fa-3732-48fd-beda-8088f8c28aae;120233129307020160;lifecycle_120233129307020160;scaling;impressions;6.0000;1761608135;2025-10-27 23:35:35+00;2025-10-27 23:35:35.28678+00;2025-10-27 23:35:35.28678+00
02549562-c1db-406d-a6d3-7148bd3199e3;120232965440920160;lifecycle_120232965440920160;scaling;add_to_cart;0.0000;1761623831;2025-10-28 03:57:11+00;2025-10-28 03:57:11.531148+00;2025-10-28 03:57:11.531148+00
0255851e-aa31-4044-a3df-56e4c6497ba7;120232056896520160;lifecycle_120232056896520160;testing;clicks;0.0000;1761555029;2025-10-27 08:50:29.801167+00;2025-10-27 08:50:29.801167+00;2025-10-27 08:50:29.882827+00
02594a20-d490-408e-91e1-7c4bcc83cf2a;120232215972100160;lifecycle_120232215972100160;scaling;spend;7.4700;1761465913;2025-10-26 08:05:13.637317+00;2025-10-26 08:05:13.637317+00;2025-10-26 08:05:13.721745+00
025bb88e-8d54-4b20-88d5-dd8caa597236;120232965433110160;lifecycle_120232965433110160;testing;cpm;7.5000;1761612183;2025-10-28 00:43:03+00;2025-10-28 00:43:03.721818+00;2025-10-28 00:43:03.721818+00
025c3d49-1ca8-46ad-ae64-46879d11d73a;120232965429540160;lifecycle_120232965429540160;testing;cpm;30.0000;1761597694;2025-10-27 20:41:34+00;2025-10-27 20:41:34.799767+00;2025-10-27 20:41:34.799767+00
02631ef9-a1bf-4686-b41a-2adefbed2d46;120232215972100160;lifecycle_120232215972100160;testing;cpm;173.1915;1761471302;2025-10-26 09:35:02.227291+00;2025-10-26 09:35:02.227291+00;2025-10-26 09:35:02.297548+00
026440c0-3f38-47f3-bee8-2d104e98eb4e;120233121784780160;lifecycle_120233121784780160;scaling;spend;13.1600;1761660393;2025-10-28 14:06:33+00;2025-10-28 14:06:33.420486+00;2025-10-28 14:06:33.420486+00
02646ac7-295c-43e2-965b-f5dd98770df5;120232965423280160;lifecycle_120232965423280160;testing;add_to_cart;0.0000;1761419240;2025-10-25 19:07:20.51672+00;2025-10-25 19:07:20.51672+00;2025-10-25 19:07:20.604747+00
02651d49-5053-47eb-8704-f5f693ef8249;120232965433110160;lifecycle_120232965433110160;scaling;ctr;0.0000;1761457341;2025-10-26 05:42:21.954361+00;2025-10-26 05:42:21.954361+00;2025-10-26 05:42:22.0994+00
02690864-78bd-41be-8b0c-b7ebbe3b1e2d;120232215972100160;lifecycle_120232215972100160;scaling;ctr;0.0000;1761612220;2025-10-28 00:43:40+00;2025-10-28 00:43:40.947532+00;2025-10-28 00:43:40.947532+00
0269e0d8-7ff4-4d78-b50d-3dbc1e31fb76;120232965435960160;lifecycle_120232965435960160;scaling;cpm;58.2353;1761649566;2025-10-28 11:06:06+00;2025-10-28 11:06:06.153294+00;2025-10-28 11:06:06.153294+00
026b1d09-0778-40fa-af64-58648f161007;120232965433110160;lifecycle_120232965433110160;validation;impressions;18.0000;1761651342;2025-10-28 11:35:42+00;2025-10-28 11:35:42.802678+00;2025-10-28 11:35:42.802678+00
026db9fa-17dd-43d1-bd2e-70ef18431520;120232965435960160;lifecycle_120232965435960160;testing;purchases;0.0000;1761626698;2025-10-28 04:44:58+00;2025-10-28 04:44:58.520596+00;2025-10-28 04:44:58.520596+00
027191de-01e9-454c-86bf-4421f2175be2;120232965425640160;lifecycle_120232965425640160;testing;clicks;0.0000;1761591012;2025-10-27 18:50:12+00;2025-10-27 18:50:12.81311+00;2025-10-27 18:50:12.81311+00
02764ed3-ec1d-4332-ad43-12c2ebbe3aa9;120232965429540160;lifecycle_120232965429540160;scaling;add_to_cart;0.0000;1761574103;2025-10-27 14:08:23+00;2025-10-27 14:08:23.669561+00;2025-10-27 14:08:23.669561+00
0278ac1e-eedb-4d2f-987b-77a5f90ee0c6;120232965433110160;lifecycle_120232965433110160;testing;spend;1.4700;1761504446;2025-10-26 18:47:26.859614+00;2025-10-26 18:47:26.859614+00;2025-10-26 18:47:26.990689+00
027b02f2-d20d-4b44-8897-4e6890ddb543;120232215972100160;lifecycle_120232215972100160;validation;purchases;0.0000;1761450888;2025-10-26 03:54:48.994545+00;2025-10-26 03:54:48.994545+00;2025-10-26 03:54:49.124764+00
027c66d2-557e-440b-a534-cf6f3e1aeb67;120232965425640160;lifecycle_120232965425640160;scaling;add_to_cart;0.0000;1761411233;2025-10-25 16:53:53.772354+00;2025-10-25 16:53:53.772354+00;2025-10-25 16:53:53.90834+00
0280ba16-a5ed-4ae2-9ac2-fff97ee5e250;120232965437600160;lifecycle_120232965437600160;validation;ctr;1.8018;1761420925;2025-10-25 19:35:25.565846+00;2025-10-25 19:35:25.565846+00;2025-10-25 19:35:25.707938+00
028186a8-e193-4786-a77f-f8d677950072;120232965425640160;lifecycle_120232965425640160;validation;add_to_cart;0.0000;1761431863;2025-10-25 22:37:43.990539+00;2025-10-25 22:37:43.990539+00;2025-10-25 22:37:44.074129+00
02821bab-e377-43a8-b2c1-546fde03303e;120232965437600160;lifecycle_120232965437600160;testing;add_to_cart;0.0000;1761393189;2025-10-25 11:53:09.679634+00;2025-10-25 11:53:09.679634+00;2025-10-25 11:53:09.792179+00
0282629f-995c-48e2-b490-dc019de46183;120232965425640160;lifecycle_120232965425640160;validation;purchases;0.0000;1761577626;2025-10-27 15:07:06+00;2025-10-27 15:07:06.369009+00;2025-10-27 15:07:06.369009+00
02834ad2-6886-4b2b-8708-f734daaa4c9e;120232215972100160;lifecycle_120232215972100160;testing;impressions;15.0000;1761623747;2025-10-28 03:55:47+00;2025-10-28 03:55:48.26639+00;2025-10-28 03:55:48.26639+00
028bc6b1-e5a6-435f-9151-d076a72f3816;120232965440920160;lifecycle_120232965440920160;validation;ctr;0.0000;1761453775;2025-10-26 04:42:55.562165+00;2025-10-26 04:42:55.562165+00;2025-10-26 04:42:55.648878+00
0292d244-54a3-4d28-8d05-ea7fe865dac9;120232965425640160;lifecycle_120232965425640160;validation;impressions;14.0000;1761399848;2025-10-25 13:44:08.047513+00;2025-10-25 13:44:08.047513+00;2025-10-25 13:44:08.127253+00
029b5735-3574-49b4-b4b1-f1dbc7546d97;120232056896520160;lifecycle_120232056896520160;testing;spend;1.7900;1761428051;2025-10-25 21:34:11.065399+00;2025-10-25 21:34:11.065399+00;2025-10-25 21:34:11.147804+00
029fb7b9-583b-43d8-98c4-21bc7c5152af;120233121784780160;lifecycle_120233121784780160;validation;spend;7.6700;1761649548;2025-10-28 11:05:48+00;2025-10-28 11:05:48.607487+00;2025-10-28 11:05:48.607487+00
02a06f0c-33bb-40c3-bb3b-cfb22628ed7f;120232965437600160;lifecycle_120232965437600160;scaling;purchases;0.0000;1761494782;2025-10-26 16:06:22.744397+00;2025-10-26 16:06:22.744397+00;2025-10-26 16:06:22.862334+00
02a56836-e0e8-47cd-9a83-54e50e9da9ea;120232965425640160;lifecycle_120232965425640160;scaling;ctr;0.0000;1761577674;2025-10-27 15:07:54+00;2025-10-27 15:07:55.100013+00;2025-10-27 15:07:55.100013+00
02a6d9ea-dd37-474e-a6e9-40b1d76912ac;120232965437600160;lifecycle_120232965437600160;scaling;cpm;77.0732;1761588542;2025-10-27 18:09:02+00;2025-10-27 18:09:02.979443+00;2025-10-27 18:09:02.979443+00
02a8c3fa-51ef-4075-aa5f-d097ac363e02;120232965440920160;lifecycle_120232965440920160;scaling;impressions;5.0000;1761591107;2025-10-27 18:51:47+00;2025-10-27 18:51:47.814899+00;2025-10-27 18:51:47.814899+00
02aadff8-a876-4aaa-b57f-c51167b175b0;120232965423280160;lifecycle_120232965423280160;scaling;clicks;0.0000;1761586997;2025-10-27 17:43:17+00;2025-10-27 17:43:17.644766+00;2025-10-27 17:43:17.644766+00
02ae0537-0fd9-445c-ae17-b1876beb33c7;120232215972100160;lifecycle_120232215972100160;testing;cpm;168.7037;1761492971;2025-10-26 15:36:11.084999+00;2025-10-26 15:36:11.084999+00;2025-10-26 15:36:11.181882+00
02b45374-0c20-4bbb-8ffa-2023c1163860;120232965433110160;lifecycle_120232965433110160;validation;clicks;1.0000;1761550816;2025-10-27 07:40:16.410619+00;2025-10-27 07:40:16.410619+00;2025-10-27 07:40:16.500015+00
02b667c5-110a-4fa7-b192-9582d87a8ea3;120232056896520160;lifecycle_120232056896520160;validation;cpm;645.0000;1761566676;2025-10-27 12:04:36+00;2025-10-27 12:04:36.290981+00;2025-10-27 12:04:36.290981+00
02b7acc6-8cbc-47cd-961f-a64bcb7254a8;120233121784780160;lifecycle_120233121784780160;scaling;ctr;1.4218;1761676093;2025-10-28 18:28:13+00;2025-10-28 18:28:13.504936+00;2025-10-28 18:28:13.504936+00
02b7bd22-3e76-4af1-bcad-5db3f4123f5a;120232056896520160;lifecycle_120232056896520160;testing;ctr;40.0000;1761411162;2025-10-25 16:52:42.117388+00;2025-10-25 16:52:42.117388+00;2025-10-25 16:52:42.237413+00
02bef520-6c58-4bbe-ac69-0439f2667e21;120232056896520160;lifecycle_120232056896520160;scaling;ctr;0.0000;1761597753;2025-10-27 20:42:33+00;2025-10-27 20:42:33.978121+00;2025-10-27 20:42:33.978121+00
02bf62c1-52f4-4ab2-9219-9e1dc6005577;120232965423280160;lifecycle_120232965423280160;testing;spend;0.0000;1761559527;2025-10-27 10:05:27.307036+00;2025-10-27 10:05:27.307036+00;2025-10-27 10:05:27.397445+00
02c7a84a-2b3e-4737-93cb-bee7eefa017d;120232965423280160;lifecycle_120232965423280160;validation;cpm;0.0000;1761559546;2025-10-27 10:05:46.286478+00;2025-10-27 10:05:46.286478+00;2025-10-27 10:05:46.380677+00
02c867ca-90d4-4b46-98e7-41b140e8a896;120232965425640160;lifecycle_120232965425640160;testing;add_to_cart;0.0000;1761576219;2025-10-27 14:43:39+00;2025-10-27 14:43:40.106299+00;2025-10-27 14:43:40.106299+00
02c9cdc4-7925-4c3f-b15c-76d154a21a60;120232965423280160;lifecycle_120232965423280160;testing;spend;0.0000;1761577585;2025-10-27 15:06:25+00;2025-10-27 15:06:26.151138+00;2025-10-27 15:06:26.151138+00
02cd3572-066a-44e4-bd60-618cc28bfcf5;120233121784780160;lifecycle_120233121784780160;validation;purchases;0.0000;1761642443;2025-10-28 09:07:23+00;2025-10-28 09:07:24.174845+00;2025-10-28 09:07:24.174845+00
02cd7954-4777-4406-a6f8-965e8a4033e9;120232215972100160;lifecycle_120232215972100160;testing;add_to_cart;0.0000;1761584793;2025-10-27 17:06:33+00;2025-10-27 17:06:33.437897+00;2025-10-27 17:06:33.437897+00
02cf4a80-6eaf-43db-a5c4-b6ee9d740c13;120232965433110160;lifecycle_120232965433110160;validation;purchases;0.0000;1761511246;2025-10-26 20:40:46.882211+00;2025-10-26 20:40:46.882211+00;2025-10-26 20:40:46.965889+00
02d37e49-032f-43e3-b854-006d7658ea6c;120232965437600160;lifecycle_120232965437600160;validation;ctr;2.0408;1761597740;2025-10-27 20:42:20+00;2025-10-27 20:42:20.256395+00;2025-10-27 20:42:20.256395+00
02d411ee-19de-451b-aa71-debcfe53dc98;120232965435960160;lifecycle_120232965435960160;validation;add_to_cart;0.0000;1761679685;2025-10-28 19:28:05+00;2025-10-28 19:28:05.889129+00;2025-10-28 19:28:05.889129+00
02d6f9d7-7f67-434c-9e0e-d8d7a524e4cd;120232056896520160;lifecycle_120232056896520160;testing;clicks;0.0000;1761595520;2025-10-27 20:05:20+00;2025-10-27 20:05:20.373034+00;2025-10-27 20:05:20.373034+00
02d82608-5b02-4c8f-ae8c-8ff31f0b99cb;120232965423280160;lifecycle_120232965423280160;scaling;clicks;0.0000;1761412387;2025-10-25 17:13:07.582157+00;2025-10-25 17:13:07.582157+00;2025-10-25 17:13:07.690549+00
02d8c03d-5a6e-4751-aec9-c64fd82530af;120232965440920160;lifecycle_120232965440920160;testing;impressions;2.0000;1761618293;2025-10-28 02:24:53+00;2025-10-28 02:24:53.43574+00;2025-10-28 02:24:53.43574+00
02de286e-3d62-4ad5-93ea-2309300edd60;120232965437600160;lifecycle_120232965437600160;validation;spend;17.5900;1761451512;2025-10-26 04:05:12.261264+00;2025-10-26 04:05:12.261264+00;2025-10-26 04:05:12.365062+00
02e1047e-a7ca-451c-9cc8-bc9f0c569a68;120232965435960160;lifecycle_120232965435960160;validation;cpm;102.3333;1761673411;2025-10-28 17:43:31+00;2025-10-28 17:43:31.738782+00;2025-10-28 17:43:31.738782+00
02e25186-7eea-4c2e-8b26-a37264be4596;120232056896520160;lifecycle_120232056896520160;scaling;impressions;2.0000;1761604961;2025-10-27 22:42:41+00;2025-10-27 22:42:41.684336+00;2025-10-27 22:42:41.684336+00
02e2634f-cd4c-4e5b-bdf9-05cc949004eb;120232215972100160;lifecycle_120232215972100160;scaling;clicks;0.0000;1761644605;2025-10-28 09:43:25+00;2025-10-28 09:43:25.594903+00;2025-10-28 09:43:25.594903+00
02e92ecc-7429-4106-80a1-dbda5d65ec7f;120232965440920160;lifecycle_120232965440920160;validation;purchases;0.0000;1761509867;2025-10-26 20:17:47.356497+00;2025-10-26 20:17:47.356497+00;2025-10-26 20:17:47.464108+00
02ec3152-9548-4886-8f62-7ddfc5319096;120232965425640160;lifecycle_120232965425640160;testing;purchases;0.0000;1761570547;2025-10-27 13:09:07+00;2025-10-27 13:09:07.918272+00;2025-10-27 13:09:07.918272+00
02f35e14-62d7-4689-8c05-f35c33fd8850;120232965433110160;lifecycle_120232965433110160;testing;spend;0.3000;1761431854;2025-10-25 22:37:34.535522+00;2025-10-25 22:37:34.535522+00;2025-10-25 22:37:34.662465+00
02f8b799-a6c6-4624-9b12-6fa25e520c74;120233129307020160;lifecycle_120233129307020160;validation;purchases;0.0000;1761680149;2025-10-28 19:35:49+00;2025-10-28 19:35:49.237451+00;2025-10-28 19:35:49.237451+00
02fd11fc-da7b-4896-80ff-afb887e853d0;120232215972100160;lifecycle_120232215972100160;testing;clicks;0.0000;1761612180;2025-10-28 00:43:00+00;2025-10-28 00:43:00.630222+00;2025-10-28 00:43:00.630222+00
02fe0906-1a8e-4295-a2bd-bd75d94cbbcb;120232215972100160;lifecycle_120232215972100160;testing;ctr;0.0000;1761566653;2025-10-27 12:04:13+00;2025-10-27 12:04:13.198622+00;2025-10-27 12:04:13.198622+00
0302d0f9-7c56-4c88-a9a3-e92edcae316d;120232965423280160;lifecycle_120232965423280160;validation;impressions;1.0000;1761574042;2025-10-27 14:07:22+00;2025-10-27 14:07:22.546614+00;2025-10-27 14:07:22.546614+00
030763dc-ba75-4ca2-b1ca-d7454249480a;AD_SCALE_4;lifecycle_AD_SCALE_4;scaling;spend;128.2000;1761556130;2025-10-27 09:08:50.882692+00;2025-10-27 09:08:50.882692+00;2025-10-27 09:08:50.962808+00
03094b19-f2b5-4f5e-9512-981b0ea84d0d;120232965437600160;lifecycle_120232965437600160;scaling;spend;2.7400;1761564906;2025-10-27 11:35:06+00;2025-10-27 11:35:06.182762+00;2025-10-27 11:35:06.182762+00
0309bf15-4603-4bab-b5b8-56f49bfb8b71;120232965435960160;lifecycle_120232965435960160;testing;spend;3.0700;1761677290;2025-10-28 18:48:10+00;2025-10-28 18:48:10.357993+00;2025-10-28 18:48:10.357993+00
030af317-8239-444e-9c09-d27c6bedf972;120232965437600160;lifecycle_120232965437600160;scaling;impressions;240.0000;1761458721;2025-10-26 06:05:21.53794+00;2025-10-26 06:05:21.53794+00;2025-10-26 06:05:21.6177+00
030eba93-e83d-4551-aa08-2cfc2f9a4300;120232965425640160;lifecycle_120232965425640160;testing;spend;18.3600;1761588458;2025-10-27 18:07:38+00;2025-10-27 18:07:38.273371+00;2025-10-27 18:07:38.273371+00
031b22c4-d89c-4905-a3e4-91b68ff41f62;120232965437600160;lifecycle_120232965437600160;validation;ctr;1.9417;1761435465;2025-10-25 23:37:45.967631+00;2025-10-25 23:37:45.967631+00;2025-10-25 23:37:46.086487+00
031d9187-ccb5-4c18-97ee-aa249d9853a4;120232215972100160;lifecycle_120232215972100160;validation;purchases;0.0000;1761413792;2025-10-25 17:36:32.758175+00;2025-10-25 17:36:32.758175+00;2025-10-25 17:36:32.83617+00
031dba53-c4f6-467d-a496-ed7d3d7cc913;120232215972100160;lifecycle_120232215972100160;testing;spend;3.8200;1761435316;2025-10-25 23:35:16.147436+00;2025-10-25 23:35:16.147436+00;2025-10-25 23:35:16.254392+00
03238546-23fb-4439-a3b3-912a5d9dc0b0;120232215972100160;lifecycle_120232215972100160;validation;clicks;0.0000;1761461285;2025-10-26 06:48:05.822322+00;2025-10-26 06:48:05.822322+00;2025-10-26 06:48:05.901538+00
032c2edb-585a-45d3-8f2f-e865d49a9259;120232965440920160;lifecycle_120232965440920160;validation;cpm;66.4865;1761505712;2025-10-26 19:08:32.897626+00;2025-10-26 19:08:32.897626+00;2025-10-26 19:08:33.018792+00
033020f7-04a7-4cf5-9ebd-8507891e4493;120232965440920160;lifecycle_120232965440920160;testing;add_to_cart;0.0000;1761512891;2025-10-26 21:08:11.099102+00;2025-10-26 21:08:11.099102+00;2025-10-26 21:08:11.229629+00
0330c4f8-e73b-4cdb-b362-bafee9553276;120232965437600160;lifecycle_120232965437600160;validation;clicks;0.0000;1761573103;2025-10-27 13:51:43+00;2025-10-27 13:51:43.702012+00;2025-10-27 13:51:43.702012+00
0332bb48-1eac-478a-b873-4b012f28fe79;120232965433110160;lifecycle_120232965433110160;scaling;clicks;0.0000;1761676072;2025-10-28 18:27:52+00;2025-10-28 18:27:52.437114+00;2025-10-28 18:27:52.437114+00
0336cd3f-2c38-40c3-83d4-2ef2b3fedafc;120232215972100160;lifecycle_120232215972100160;validation;add_to_cart;0.0000;1761663981;2025-10-28 15:06:21+00;2025-10-28 15:06:21.353336+00;2025-10-28 15:06:21.353336+00
03370a57-c1fe-4ddc-adf4-2de543120942;120232965425640160;lifecycle_120232965425640160;scaling;cpm;46.8750;1761428093;2025-10-25 21:34:53.696598+00;2025-10-25 21:34:53.696598+00;2025-10-25 21:34:53.774242+00
033c3b77-309a-4aab-84fb-03ac9b9202e2;120232056896520160;lifecycle_120232056896520160;testing;add_to_cart;0.0000;1761576212;2025-10-27 14:43:32+00;2025-10-27 14:43:32.851212+00;2025-10-27 14:43:32.851212+00
033f37ea-6875-4eea-994d-6861521647cd;120232056896520160;lifecycle_120232056896520160;testing;impressions;1.0000;1761498317;2025-10-26 17:05:17.632932+00;2025-10-26 17:05:17.632932+00;2025-10-26 17:05:17.725136+00
03442bf5-2c1b-4a10-b776-35e499af2f78;120232965437600160;lifecycle_120232965437600160;testing;clicks;1.0000;1761433502;2025-10-25 23:05:02.24994+00;2025-10-25 23:05:02.24994+00;2025-10-25 23:05:02.393043+00
0346a0d2-08e1-45d0-a7c2-ff9255451ac7;120233121784780160;lifecycle_120233121784780160;validation;ctr;1.8519;1761656882;2025-10-28 13:08:02+00;2025-10-28 13:08:03.071355+00;2025-10-28 13:08:03.071355+00
034903aa-b91e-4e07-a67e-640439fe4d51;120232965433110160;lifecycle_120232965433110160;testing;ctr;0.0000;1761462255;2025-10-26 07:04:15.269842+00;2025-10-26 07:04:15.269842+00;2025-10-26 07:04:15.361669+00
034a18df-2409-4443-a9c4-51f5923bafab;120232965433110160;lifecycle_120232965433110160;testing;add_to_cart;0.0000;1761413783;2025-10-25 17:36:23.827281+00;2025-10-25 17:36:23.827281+00;2025-10-25 17:36:23.902487+00
034c0eb7-2a95-46ed-a235-238dd2ec6089;120232965440920160;lifecycle_120232965440920160;testing;add_to_cart;0.0000;1761393192;2025-10-25 11:53:12.3307+00;2025-10-25 11:53:12.3307+00;2025-10-25 11:53:12.443085+00
034e7b1c-79ba-4a39-9fdc-9e923358d407;120232965437600160;lifecycle_120232965437600160;scaling;clicks;4.0000;1761468196;2025-10-26 08:43:16.912738+00;2025-10-26 08:43:16.912738+00;2025-10-26 08:43:16.997069+00
0354c0fb-529c-4a9a-bcc7-203c5b06835b;120232056896520160;lifecycle_120232056896520160;scaling;clicks;0.0000;1761403496;2025-10-25 14:44:56.056281+00;2025-10-25 14:44:56.056281+00;2025-10-25 14:44:56.171738+00
03590806-dd4e-488a-a646-ef7a18982604;120232056896520160;lifecycle_120232056896520160;validation;clicks;0.0000;1761510918;2025-10-26 20:35:18.868677+00;2025-10-26 20:35:18.868677+00;2025-10-26 20:35:18.981768+00
035a1c7f-f5a8-4176-aad4-58a2816e9d78;120232965433110160;lifecycle_120232965433110160;scaling;add_to_cart;0.0000;1761653230;2025-10-28 12:07:10+00;2025-10-28 12:07:10.753571+00;2025-10-28 12:07:10.753571+00
035b174b-e3ff-423d-984a-ee332d104964;120233129307020160;lifecycle_120233129307020160;validation;spend;2.8100;1761631608;2025-10-28 06:06:48+00;2025-10-28 06:06:49.024738+00;2025-10-28 06:06:49.024738+00
035b5230-12db-43fc-b268-6e2f80ec2c98;120232965433110160;lifecycle_120232965433110160;scaling;add_to_cart;0.0000;1761679715;2025-10-28 19:28:35+00;2025-10-28 19:28:35.314143+00;2025-10-28 19:28:35.314143+00
03626fe8-936c-4168-8b4c-d5b440c24a9d;120232965437600160;lifecycle_120232965437600160;scaling;purchases;0.0000;1761555984;2025-10-27 09:06:24.89879+00;2025-10-27 09:06:24.89879+00;2025-10-27 09:06:24.983321+00
03630ce5-2a32-4bcd-9e88-7028fce75e0a;120232056896520160;lifecycle_120232056896520160;testing;clicks;0.0000;1761605403;2025-10-27 22:50:03+00;2025-10-27 22:50:03.684259+00;2025-10-27 22:50:03.684259+00
0366377c-57c5-4650-8ff9-8630d66a45b3;120232965440920160;lifecycle_120232965440920160;scaling;spend;1.9400;1761426474;2025-10-25 21:07:54.310297+00;2025-10-25 21:07:54.310297+00;2025-10-25 21:07:54.396759+00
03704aef-3e4f-4d64-a88f-be02233e6607;120232965440920160;lifecycle_120232965440920160;testing;cpm;66.4865;1761511233;2025-10-26 20:40:33.174158+00;2025-10-26 20:40:33.174158+00;2025-10-26 20:40:33.258406+00
03712786-ae2c-46ad-ae81-f8e83f41f66e;120232965429540160;lifecycle_120232965429540160;testing;impressions;1.0000;1761581132;2025-10-27 16:05:32+00;2025-10-27 16:05:32.668451+00;2025-10-27 16:05:32.668451+00
03713234-84fc-4796-b01a-ac34ed798b73;120232965440920160;lifecycle_120232965440920160;testing;ctr;0.0000;1761393191;2025-10-25 11:53:11.544303+00;2025-10-25 11:53:11.544303+00;2025-10-25 11:53:11.653674+00
037955a2-9414-410a-9cca-ef409a5e956a;120232965435960160;lifecycle_120232965435960160;validation;purchases;0.0000;1761593763;2025-10-27 19:36:03+00;2025-10-27 19:36:03.622405+00;2025-10-27 19:36:03.622405+00
037e1cfb-39bf-407b-814a-9c35f919418f;120232215972100160;lifecycle_120232215972100160;scaling;cpm;34.8148;1761635280;2025-10-28 07:08:00+00;2025-10-28 07:08:00.362535+00;2025-10-28 07:08:00.362535+00
037f7526-3731-46e7-880a-3338746c07b3;120232965437600160;lifecycle_120232965437600160;testing;purchases;0.0000;1761583855;2025-10-27 16:50:55+00;2025-10-27 16:50:55.471461+00;2025-10-27 16:50:55.471461+00
03839f02-00e0-432b-be75-de31340554c2;120232965440920160;lifecycle_120232965440920160;validation;spend;0.7300;1761666303;2025-10-28 15:45:03+00;2025-10-28 15:45:03.756893+00;2025-10-28 15:45:03.756893+00