id;ad_id;lifecycle_id;metric_name;metric_value;timestamp;window_type;stage;created_at;metadata;window_size;anomalies_detected;seasonality_detected;time_period;timestamps;values;trend_direction
0003ac98-da57-42e3-bac1-177ef5e2375f;120232965433110160;lifecycle_120232965433110160;roas;0.0000;2025-10-27 15:44:15+00;;validation;2025-10-27 14:44:15.16943+00;{};1h;false;false;1d;[];[];stable
00058f5c-9de1-4951-b70a-7efaa8ecf70e;120232965437600160;lifecycle_120232965437600160;ctr;1.3793;2025-10-26 02:46:57.593227+00;;validation;2025-10-26 00:46:57.704031+00;"{""clicks"":2,""impressions"":145}";1h;false;false;1d;[];[];stable
00074613-69ac-4a87-a5e4-98cd28078bd7;120232965433110160;lifecycle_120232965433110160;cpa;0.0000;2025-10-28 19:06:07+00;;validation;2025-10-28 18:06:07.692761+00;{};1h;false;false;1d;[];[];stable
0007857a-98de-4dfa-b343-485e478346ba;120232965425640160;lifecycle_120232965425640160;cpc;0.0000;2025-10-25 20:05:14.733106+00;;scaling;2025-10-25 18:05:14.8215+00;"{""clicks"":0,""impressions"":16}";1h;false;false;1d;[];[];stable
000a436c-6e1d-485e-90f0-d341bc52bd7f;120232056896520160;lifecycle_120232056896520160;cpm;347.5000;2025-10-25 18:07:06.05334+00;;validation;2025-10-25 16:07:06.18417+00;"{""clicks"":2,""impressions"":4}";1h;false;false;1d;[];[];stable
000d44bd-c912-40d0-ab22-ee0b9d571af9;120232965440920160;lifecycle_120232965440920160;cpa;0.0000;2025-10-27 08:40:23.389071+00;;validation;2025-10-27 07:40:23.482417+00;"{""clicks"":0,""impressions"":3}";1h;false;false;1d;[];[];stable
000d5358-f95a-4e67-a5e0-9990d5e28af2;120232965440920160;lifecycle_120232965440920160;cpc;1.7300;2025-10-25 22:05:24.223942+00;;validation;2025-10-25 20:05:24.306576+00;"{""clicks"":1,""impressions"":6}";1h;false;false;1d;[];[];stable
00107c51-67cb-46b5-b4b3-d8ca1b7c0423;120232215972100160;lifecycle_120232215972100160;cpa;0.0000;2025-10-25 19:36:54.640197+00;;scaling;2025-10-25 17:36:54.718959+00;"{""clicks"":0,""impressions"":114}";1h;false;false;1d;[];[];stable
00164751-248c-413d-846e-f7e1e98aacc5;120233129307020160;lifecycle_120233129307020160;purchases;0.0000;2025-10-28 17:52:08+00;;validation;2025-10-28 16:52:08.78009+00;{};1h;false;false;1d;[];[];stable
001896a2-ca87-4b20-baef-5571ac48aa04;120232215972100160;lifecycle_120232215972100160;ctr;0.0000;2025-10-26 16:36:39.756645+00;;scaling;2025-10-26 15:36:39.853668+00;"{""clicks"":0,""impressions"":54}";1h;false;false;1d;[];[];stable
001e0358-7011-44dc-8bb4-c85fab4e8f37;120232965425640160;lifecycle_120232965425640160;roas;0.0000;2025-10-25 18:53:20.096422+00;;validation;2025-10-25 16:53:20.227055+00;"{""clicks"":0,""impressions"":16}";1h;false;false;1d;[];[];stable
0022515d-d70b-42f4-b23b-fcf0c64f9d54;120232215972100160;lifecycle_120232215972100160;cpc;3.9400;2025-10-28 19:52:50+00;;validation;2025-10-28 18:52:51.028052+00;{};1h;false;false;1d;[];[];stable
0031e421-2933-4611-b63b-8bd33ff77716;120232215972100160;lifecycle_120232215972100160;cpa;0.0000;2025-10-28 08:41:09+00;;scaling;2025-10-28 07:41:10.150847+00;{};1h;false;false;1d;[];[];stable
00329801-909d-464a-9065-b7f1f69ea856;120232965440920160;lifecycle_120232965440920160;ctr;0.0000;2025-10-25 19:05:37.11225+00;;scaling;2025-10-25 17:05:37.196045+00;"{""clicks"":0,""impressions"":3}";1h;false;false;1d;[];[];stable
0036aa77-f176-4b79-9c14-9a5479a36603;120232965433110160;lifecycle_120232965433110160;roas;0.0000;2025-10-26 17:45:38.537902+00;;validation;2025-10-26 16:45:38.682755+00;"{""clicks"":0,""impressions"":16}";1h;false;false;1d;[];[];stable
00426214-4eaa-467f-89b9-580fff0819a0;120232965429540160;lifecycle_120232965429540160;purchases;0.0000;2025-10-27 21:06:01+00;;validation;2025-10-27 20:06:01.489224+00;{};1h;false;false;1d;[];[];stable
00440023-8d7d-4bb4-ae44-90597bbf6ded;120232965423280160;lifecycle_120232965423280160;cpm;0.0000;2025-10-27 23:50:44+00;;validation;2025-10-27 22:50:44.881747+00;{};1h;false;false;1d;[];[];stable
0048956c-3306-4796-9bf5-04d39ace6465;120232965440920160;lifecycle_120232965440920160;cpc;0.0000;2025-10-28 11:06:01+00;;validation;2025-10-28 10:06:01.912789+00;{};1h;false;false;1d;[];[];stable
005481bb-e91b-41c0-b3e5-b60809ece990;120232965440920160;lifecycle_120232965440920160;ctr;0.0000;2025-10-26 21:36:07.095508+00;;scaling;2025-10-26 20:36:07.204803+00;"{""clicks"":0,""impressions"":37}";1h;false;false;1d;[];[];stable
0055c55b-b67a-4cf8-8e8b-da217f3f91c4;120232965425640160;lifecycle_120232965425640160;cpc;3.3167;2025-10-26 19:07:57.406104+00;;validation;2025-10-26 18:07:57.517622+00;"{""clicks"":3,""impressions"":59}";1h;false;false;1d;[];[];stable
005c42ed-17b8-49ea-8a11-c7114bf6b11d;120232965425640160;lifecycle_120232965425640160;cpc;0.0000;2025-10-27 12:49:05+00;;scaling;2025-10-27 11:49:06.086696+00;{};1h;false;false;1d;[];[];stable
005cbee5-278d-45b9-bc83-f89443ccce79;120232965425640160;lifecycle_120232965425640160;cpc;2.5900;2025-10-26 14:01:41.901324+00;;scaling;2025-10-26 13:01:42.023106+00;"{""clicks"":2,""impressions"":36}";1h;false;false;1d;[];[];stable
00620015-cb8f-498b-9ede-71e40df48ccf;120232215972100160;lifecycle_120232215972100160;ctr;0.0000;2025-10-28 12:05:59+00;;scaling;2025-10-28 11:05:59.660773+00;{};1h;false;false;1d;[];[];stable
006a14eb-307a-43aa-9564-7b7a44178003;120232965433110160;lifecycle_120232965433110160;ctr;0.0000;2025-10-28 20:28:35+00;;scaling;2025-10-28 19:28:35.907495+00;{};1h;false;false;1d;[];[];stable
00711c94-439e-48ce-a43e-d1116a943631;120232965423280160;lifecycle_120232965423280160;ctr;0.0000;2025-10-27 23:51:32+00;;scaling;2025-10-27 22:51:32.709371+00;{};1h;false;false;1d;[];[];stable
00867588-89c5-4d5e-aeb0-8296a2b9cf2e;120233121784780160;lifecycle_120233121784780160;purchases;0.0000;2025-10-28 20:06:06+00;;validation;2025-10-28 19:06:06.515372+00;{};1h;false;false;1d;[];[];stable
0090b4f4-6306-4024-9544-bcdeb931d073;120232965440920160;lifecycle_120232965440920160;cpc;0.0000;2025-10-28 03:26:06+00;;scaling;2025-10-28 02:26:07.178169+00;{};1h;false;false;1d;[];[];stable
00927c8c-c84b-4db7-a1b1-4ac19059cd60;120232965429540160;lifecycle_120232965429540160;cpm;30.0000;2025-10-27 10:06:20.254729+00;;scaling;2025-10-27 09:06:20.32953+00;"{""clicks"":0,""impressions"":1}";1h;false;false;1d;[];[];stable
00a4bf3c-3b98-42b5-b300-aab2503fadcd;120232965433110160;lifecycle_120232965433110160;spend;1.4400;2025-10-26 10:35:17.836982+00;;validation;2025-10-26 09:35:17.91212+00;"{""clicks"":0,""impressions"":15}";1h;false;false;1d;[];[];stable
00aeac74-c9bf-4b7e-acbe-3bca46b25900;120232965423280160;lifecycle_120232965423280160;cpa;0.0000;2025-10-25 13:53:54.081485+00;;scaling;2025-10-25 11:53:54.191228+00;"{""clicks"":0,""impressions"":1}";1h;false;false;1d;[];[];stable
00af5e64-ad5f-422b-9eeb-76dab07f1b71;120232965440920160;lifecycle_120232965440920160;purchases;0.0000;2025-10-26 17:46:14.623054+00;;scaling;2025-10-26 16:46:14.786791+00;"{""clicks"":0,""impressions"":33}";1h;false;false;1d;[];[];stable
00b15ffd-695e-4caa-8097-05a68d095ca5;120232965435960160;lifecycle_120232965435960160;purchases;0.0000;2025-10-28 06:08:09+00;;scaling;2025-10-28 05:08:09.951394+00;{};1h;false;false;1d;[];[];stable
00ba6ad5-38ee-4671-9b97-a65eb3138d9e;120232965440920160;lifecycle_120232965440920160;ctr;0.0000;2025-10-27 08:15:31.344786+00;;scaling;2025-10-27 07:15:31.424889+00;"{""clicks"":0,""impressions"":3}";1h;false;false;1d;[];[];stable
00bb174c-98b2-4739-b8db-55d6544d9310;120232965440920160;lifecycle_120232965440920160;roas;0.0000;2025-10-28 09:50:13+00;;validation;2025-10-28 08:50:13.302665+00;{};1h;false;false;1d;[];[];stable
00bcc1ed-1410-4957-8740-0035acfb2d07;120233121784780160;lifecycle_120233121784780160;cpm;95.8000;2025-10-28 08:41:31+00;;scaling;2025-10-28 07:41:31.412244+00;{};1h;false;false;1d;[];[];stable
00c175f4-e9ac-4aa5-9015-494b80ead978;120232965440920160;lifecycle_120232965440920160;ctr;14.2857;2025-10-28 16:45:32+00;;scaling;2025-10-28 15:45:32.921331+00;{};1h;false;false;1d;[];[];stable
00c3efec-52df-408c-8324-9b210f716368;120232215972100160;lifecycle_120232215972100160;cpc;0.0000;2025-10-26 07:48:22.365324+00;;scaling;2025-10-26 06:48:22.452301+00;"{""clicks"":0,""impressions"":44}";1h;false;false;1d;[];[];stable
00c43807-b769-4549-830d-2a607f79b2a1;120232965437600160;lifecycle_120232965437600160;purchases;0.0000;2025-10-26 15:39:17.470118+00;;scaling;2025-10-26 14:39:17.568857+00;"{""clicks"":4,""impressions"":264}";1h;false;false;1d;[];[];stable
00ca962d-deef-4b96-af0f-d2f04147cff3;120232965429540160;lifecycle_120232965429540160;ctr;0.0000;2025-10-27 12:06:11+00;;scaling;2025-10-27 11:06:12.096959+00;{};1h;false;false;1d;[];[];stable
00cd8271-f8f2-4a11-b1a6-e578ee098c44;120232215972100160;lifecycle_120232215972100160;purchases;0.0000;2025-10-28 17:52:16+00;;scaling;2025-10-28 16:52:16.22197+00;{};1h;false;false;1d;[];[];stable
00d500aa-d65c-42ab-99fb-f85040339ca0;120232965433110160;lifecycle_120232965433110160;ctr;0.0000;2025-10-28 20:19:42+00;;validation;2025-10-28 19:19:42.748907+00;{};1h;false;false;1d;[];[];stable
00d68e19-a58e-4acb-8779-c9860113cb82;120232215972100160;lifecycle_120232215972100160;roas;0.0000;2025-10-28 06:43:34+00;;validation;2025-10-28 05:43:34.782297+00;{};1h;false;false;1d;[];[];stable
00d92141-4f07-4fb5-9858-9c1a876c3905;120232965433110160;lifecycle_120232965433110160;spend;1.6100;2025-10-26 21:40:47.509537+00;;validation;2025-10-26 20:40:47.603412+00;"{""clicks"":0,""impressions"":18}";1h;false;false;1d;[];[];stable
00de065a-0c87-47eb-af89-bd6cb47d5999;120232965440920160;lifecycle_120232965440920160;purchases;0.0000;2025-10-27 10:45:51.537724+00;;scaling;2025-10-27 09:45:51.628165+00;"{""clicks"":0,""impressions"":3}";1h;false;false;1d;[];[];stable
00e2a6fd-50e3-44b0-a32c-93f95d6db2e1;120232965440920160;lifecycle_120232965440920160;roas;0.0000;2025-10-28 10:43:39+00;;scaling;2025-10-28 09:43:39.332821+00;{};1h;false;false;1d;[];[];stable
00e661fe-75d1-4e68-9d23-0bbeae1da5ac;120232965425640160;lifecycle_120232965425640160;purchases;0.0000;2025-10-26 05:05:06.660676+00;;validation;2025-10-26 04:05:06.767308+00;"{""clicks"":2,""impressions"":11}";1h;false;false;1d;[];[];stable
00e8b7fb-e2e1-49a3-8945-6dfefb1b3a96;120232965437600160;lifecycle_120232965437600160;purchases;0.0000;2025-10-27 15:08:35+00;;scaling;2025-10-27 14:08:35.900377+00;{};1h;false;false;1d;[];[];stable
00e99ff5-a30d-48a0-afe9-d7dfef1d00f2;120232215972100160;lifecycle_120232215972100160;cpm;34.4444;2025-10-28 03:25:45+00;;scaling;2025-10-28 02:25:45.597837+00;{};1h;false;false;1d;[];[];stable
00eade73-c842-4721-b83c-bc80ea4ee55a;120232965425640160;lifecycle_120232965425640160;cpm;143.1731;2025-10-27 22:05:59+00;;validation;2025-10-27 21:06:00.151992+00;{};1h;false;false;1d;[];[];stable
00efdd97-ea05-4409-a153-1bbb6e3bbef7;120232215972100160;lifecycle_120232215972100160;roas;0.0000;2025-10-26 01:37:57.497722+00;;scaling;2025-10-25 23:37:57.615502+00;"{""clicks"":0,""impressions"":12}";1h;false;false;1d;[];[];stable
0101d2fe-02c9-4996-9f9b-20353868f69a;120232965437600160;lifecycle_120232965437600160;spend;22.8900;2025-10-26 20:08:56.48971+00;;scaling;2025-10-26 19:08:56.605191+00;"{""clicks"":4,""impressions"":289}";1h;false;false;1d;[];[];stable
010fee1a-b992-4216-9191-88506e026c63;120232965433110160;lifecycle_120232965433110160;cpa;0.0000;2025-10-27 16:46:53+00;;scaling;2025-10-27 15:46:53.535267+00;{};1h;false;false;1d;[];[];stable
01171fa9-a1b1-485d-8064-040b3a69e8d5;120232965437600160;lifecycle_120232965437600160;cpc;0.0000;2025-10-27 20:36:08+00;;validation;2025-10-27 19:36:09.060136+00;{};1h;false;false;1d;[];[];stable
011dcb5d-ae3c-4431-b808-0b80799213b8;120232965433110160;lifecycle_120232965433110160;spend;1.4400;2025-10-26 14:40:51.606114+00;;validation;2025-10-26 13:40:51.690669+00;"{""clicks"":0,""impressions"":15}";1h;false;false;1d;[];[];stable
0120fc1d-c2cc-4da2-884e-e0f530ccb52e;120232965433110160;lifecycle_120232965433110160;ctr;7.1429;2025-10-27 22:06:50+00;;scaling;2025-10-27 21:06:50.565059+00;{};1h;false;false;1d;[];[];stable
0129ac66-7dd8-4a7d-98fd-d6b1168734d1;120232215972100160;lifecycle_120232215972100160;purchases;0.0000;2025-10-26 12:05:59.656077+00;;scaling;2025-10-26 11:05:59.790835+00;"{""clicks"":0,""impressions"":47}";1h;false;false;1d;[];[];stable
0132cabb-9091-48fa-8069-8aafddd9e233;120232965425640160;lifecycle_120232965425640160;spend;10.9400;2025-10-27 07:37:48.447399+00;;validation;2025-10-27 06:37:48.527556+00;"{""clicks"":0,""impressions"":104}";1h;false;false;1d;[];[];stable
0133ef3a-c8b6-4608-8582-fa1c9ad5881d;120232215972100160;lifecycle_120232215972100160;spend;12.1900;2025-10-25 20:04:45.312031+00;;validation;2025-10-25 18:04:45.411276+00;"{""clicks"":0,""impressions"":115}";1h;false;false;1d;[];[];stable
0135c1ff-f22c-4d8a-b4ff-8af55cbcfc08;120233129307020160;lifecycle_120233129307020160;cpa;0.0000;2025-10-28 03:26:17+00;;scaling;2025-10-28 02:26:17.258541+00;{};1h;false;false;1d;[];[];stable
013e9a68-8f67-4ced-8209-8f383310c1f7;120232965423280160;lifecycle_120232965423280160;cpm;0.0000;2025-10-27 22:37:45+00;;validation;2025-10-27 21:37:45.908395+00;{};1h;false;false;1d;[];[];stable
0143b4d6-2938-4a6f-869e-95cc606dfa37;120232965440920160;lifecycle_120232965440920160;roas;0.0000;2025-10-26 00:38:09.286724+00;;scaling;2025-10-25 22:38:09.371295+00;"{""clicks"":0,""impressions"":2}";1h;false;false;1d;[];[];stable
014a3e3b-7c9e-4f58-ba30-f754835a96ae;120232965423280160;lifecycle_120232965423280160;purchases;0.0000;2025-10-27 23:26:54+00;;validation;2025-10-27 22:26:54.579937+00;{};1h;false;false;1d;[];[];stable
015266f2-5494-4926-89d5-051d5aa72f0a;120233129307020160;lifecycle_120233129307020160;roas;0.0000;2025-10-28 16:06:50+00;;validation;2025-10-28 15:06:50.812433+00;{};1h;false;false;1d;[];[];stable
0152b010-a82d-46dd-9886-0ae89c63d4f1;120232215972100160;lifecycle_120232215972100160;roas;0.0000;2025-10-26 01:05:10.769334+00;;validation;2025-10-25 23:05:10.917043+00;"{""clicks"":0,""impressions"":11}";1h;false;false;1d;[];[];stable
016287dd-cae7-47ab-a3e8-20562faae6e1;120232965433110160;lifecycle_120232965433110160;cpa;0.0000;2025-10-25 17:41:23.426657+00;;validation;2025-10-25 15:41:23.535903+00;"{""clicks"":0,""impressions"":14}";1h;false;false;1d;[];[];stable
016330c0-077c-4770-931f-d10a17c6c1b9;120232965440920160;lifecycle_120232965440920160;spend;0.0400;2025-10-28 07:53:46+00;;validation;2025-10-28 06:53:46.309686+00;{};1h;false;false;1d;[];[];stable
01639e3a-a257-4b30-9e70-dc9d462faa94;120232965440920160;lifecycle_120232965440920160;spend;1.7300;2025-10-25 22:40:45.976375+00;;scaling;2025-10-25 20:40:46.06498+00;"{""clicks"":1,""impressions"":6}";1h;false;false;1d;[];[];stable
01668c27-241e-4043-9cea-ee9f06a12406;120232056896520160;lifecycle_120232056896520160;ctr;0.0000;2025-10-27 12:48:53+00;;scaling;2025-10-27 11:48:53.509944+00;{};1h;false;false;1d;[];[];stable
0167d75a-9cb5-4352-b933-ddf65c52cf56;120233129307020160;lifecycle_120233129307020160;purchases;0.0000;2025-10-28 09:51:07+00;;scaling;2025-10-28 08:51:07.753495+00;{};1h;false;false;1d;[];[];stable
016e4c8d-1ca9-48f9-9958-33729424b2e6;120232965425640160;lifecycle_120232965425640160;roas;0.0000;2025-10-27 18:08:10+00;;scaling;2025-10-27 17:08:10.708153+00;{};1h;false;false;1d;[];[];stable
017f5111-baa1-4d6d-b475-4e1c1b7cd41c;120232965435960160;lifecycle_120232965435960160;spend;3.0700;2025-10-28 20:28:42+00;;scaling;2025-10-28 19:28:42.530847+00;{};1h;false;false;1d;[];[];stable
01824e52-7f4f-48a7-af79-d9a3e8eb6cbe;120233129307020160;lifecycle_120233129307020160;roas;0.0000;2025-10-28 06:07:55+00;;validation;2025-10-28 05:07:55.210441+00;{};1h;false;false;1d;[];[];stable
0188ff24-0c7c-4dc4-b51d-7a228ab98c74;120232056896520160;lifecycle_120232056896520160;purchases;0.0000;2025-10-27 08:15:10.023999+00;;scaling;2025-10-27 07:15:10.102059+00;"{""clicks"":0,""impressions"":1}";1h;false;false;1d;[];[];stable
018c38cb-5285-4796-b0f8-499cee723bfd;120232965433110160;lifecycle_120232965433110160;roas;0.0000;2025-10-28 20:28:01+00;;validation;2025-10-28 19:28:01.299229+00;{};1h;false;false;1d;[];[];stable
018c7fd5-7d70-4f2f-a27c-d9bfc5992615;120232965433110160;lifecycle_120232965433110160;spend;0.8200;2025-10-28 05:06:34+00;;scaling;2025-10-28 04:06:34.422881+00;{};1h;false;false;1d;[];[];stable
0190eae1-5fe1-453a-88b7-fac158455c6e;120233129307020160;lifecycle_120233129307020160;cpa;0.0000;2025-10-28 08:41:03+00;;validation;2025-10-28 07:41:03.17575+00;{};1h;false;false;1d;[];[];stable
01a70289-a6e6-4d5a-be6a-287f9204551e;120232965435960160;lifecycle_120232965435960160;cpm;82.7273;2025-10-28 13:06:44+00;;validation;2025-10-28 12:06:44.592787+00;{};1h;false;false;1d;[];[];stable
01b6aab4-65dc-4c21-ae44-d7bb97dd7c9d;120232215972100160;lifecycle_120232215972100160;ctr;0.0000;2025-10-25 15:44:03.225356+00;;validation;2025-10-25 13:44:03.306423+00;"{""clicks"":0,""impressions"":100}";1h;false;false;1d;[];[];stable
01b95c98-1e70-42b5-88b6-3b113ac06b1b;120232965425640160;lifecycle_120232965425640160;ctr;5.0000;2025-10-26 15:05:33.654074+00;;validation;2025-10-26 14:05:33.768441+00;"{""clicks"":2,""impressions"":40}";1h;false;false;1d;[];[];stable
01b98e56-d96f-4fdf-803e-778f9bfbfe4b;120232215972100160;lifecycle_120232215972100160;ctr;0.0000;2025-10-25 19:05:22.490376+00;;scaling;2025-10-25 17:05:22.572817+00;"{""clicks"":0,""impressions"":112}";1h;false;false;1d;[];[];stable
01bb686f-d249-4da5-a587-c32f3be93d58;AD_TEST_1;lifecycle_AD_TEST_1;ctr;0.0000;2025-10-26 21:48:18.917084+00;;scaling;2025-10-26 20:48:18.987797+00;"{""clicks"":35,""impressions"":4200}";1h;false;false;1d;[];[];stable
01ce5bd1-fee5-490c-a7a2-7d44166814de;120232965433110160;lifecycle_120232965433110160;roas;0.0000;2025-10-28 01:43:24+00;;validation;2025-10-28 00:43:25.047828+00;{};1h;false;false;1d;[];[];stable
01d856bf-a110-46e0-b529-752839e16099;120232965425640160;lifecycle_120232965425640160;cpc;0.0000;2025-10-27 16:46:43+00;;scaling;2025-10-27 15:46:44.126868+00;{};1h;false;false;1d;[];[];stable
01e2998a-c429-4284-aaca-4df37a634872;120232965433110160;lifecycle_120232965433110160;cpc;0.0000;2025-10-28 01:43:49+00;;scaling;2025-10-28 00:43:49.704286+00;{};1h;false;false;1d;[];[];stable
01ed5950-bbfc-42ef-9213-e228fb6eca0b;120233129307020160;lifecycle_120233129307020160;purchases;0.0000;2025-10-28 00:35:27+00;;validation;2025-10-27 23:35:27.598917+00;{};1h;false;false;1d;[];[];stable
01ef13fb-8d04-4a86-8f20-00b5d2bdaa2c;120232215972100160;lifecycle_120232215972100160;cpm;226.7273;2025-10-27 23:42:06+00;;validation;2025-10-27 22:42:06.612246+00;{};1h;false;false;1d;[];[];stable
01f04d1f-9141-4453-a864-2e328138fe5c;120232965433110160;lifecycle_120232965433110160;roas;0.0000;2025-10-27 22:06:50+00;;scaling;2025-10-27 21:06:51.052693+00;{};1h;false;false;1d;[];[];stable
01f95412-df76-4848-9efa-27aac02f70b7;120232965440920160;lifecycle_120232965440920160;spend;0.2000;2025-10-27 17:51:45+00;;validation;2025-10-27 16:51:45.993441+00;{};1h;false;false;1d;[];[];stable
01fcb5f2-b896-4de9-beb9-5bf758cec0b7;120232965425640160;lifecycle_120232965425640160;cpa;0.0000;2025-10-27 18:07:17+00;;validation;2025-10-27 17:07:17.659708+00;{};1h;false;false;1d;[];[];stable
0201bf7f-9746-4d58-9624-6f2c110ae1a2;120232965425640160;lifecycle_120232965425640160;cpa;0.0000;2025-10-26 01:05:39.485539+00;;scaling;2025-10-25 23:05:39.625387+00;"{""clicks"":1,""impressions"":3}";1h;false;false;1d;[];[];stable
0202bd4a-822e-4e0b-b2ae-8c480339dfea;120232965423280160;lifecycle_120232965423280160;spend;0.0000;2025-10-27 20:36:26+00;;scaling;2025-10-27 19:36:26.5779+00;{};1h;false;false;1d;[];[];stable
020412d0-4a73-4780-b76c-47739a14989a;120233121784780160;lifecycle_120233121784780160;roas;0.0000;2025-10-28 20:20:26+00;;scaling;2025-10-28 19:20:26.561608+00;{};1h;false;false;1d;[];[];stable
0204cee8-ad03-4df0-96cc-733453a8afd5;120232965433110160;lifecycle_120232965433110160;spend;1.4400;2025-10-26 14:23:40.238168+00;;scaling;2025-10-26 13:23:40.359508+00;"{""clicks"":0,""impressions"":15}";1h;false;false;1d;[];[];stable
020715b1-34f0-483d-9bf7-51edbd0ecf03;120232965440920160;lifecycle_120232965440920160;roas;0.0000;2025-10-27 20:06:50+00;;scaling;2025-10-27 19:06:50.844784+00;{};1h;false;false;1d;[];[];stable
020801a3-27cf-4fe5-9351-ac944f730ea2;120232965423280160;lifecycle_120232965423280160;cpm;0.0000;2025-10-25 17:06:47.869728+00;;validation;2025-10-25 15:06:47.975177+00;"{""clicks"":0,""impressions"":1}";1h;false;false;1d;[];[];stable
0211c163-ccfb-469b-906d-81c218dc3319;120232056896520160;lifecycle_120232056896520160;ctr;0.0000;2025-10-26 17:05:42.263992+00;;validation;2025-10-26 16:05:42.386349+00;"{""clicks"":0,""impressions"":1}";1h;false;false;1d;[];[];stable
021858a5-2f4e-40b8-9979-bcdfeeb3d479;120232965423280160;lifecycle_120232965423280160;spend;0.0000;2025-10-25 19:36:57.973775+00;;scaling;2025-10-25 17:36:58.055508+00;"{""clicks"":0,""impressions"":1}";1h;false;false;1d;[];[];stable
021b20c9-8d64-48d1-b8d1-13026224e088;120232056896520160;lifecycle_120232056896520160;spend;1.6800;2025-10-25 20:04:42.260455+00;;validation;2025-10-25 18:04:42.343381+00;"{""clicks"":2,""impressions"":5}";1h;false;false;1d;[];[];stable
02220706-9174-4046-95f0-763a8c3e3c84;120232965433110160;lifecycle_120232965433110160;spend;0.1600;2025-10-25 18:08:01.18429+00;;scaling;2025-10-25 16:08:01.324022+00;"{""clicks"":0,""impressions"":15}";1h;false;false;1d;[];[];stable
02249b40-5b39-4b63-806b-aed9f8b5030e;120232965435960160;lifecycle_120232965435960160;cpm;99.0323;2025-10-28 19:28:01+00;;scaling;2025-10-28 18:28:01.571145+00;{};1h;false;false;1d;[];[];stable
022d517d-466c-44dc-a279-fc57a30c127b;120232965433110160;lifecycle_120232965433110160;cpc;0.2400;2025-10-27 19:50:53+00;;validation;2025-10-27 18:50:54.008108+00;{};1h;false;false;1d;[];[];stable
022ed09a-569d-44cf-be83-c59a036e0749;120232965440920160;lifecycle_120232965440920160;cpa;0.0000;2025-10-26 22:08:38.125333+00;;validation;2025-10-26 21:08:38.25451+00;"{""clicks"":0,""impressions"":38}";1h;false;false;1d;[];[];stable
0231c45b-3e51-49c9-ad53-412d45fe5422;120232965440920160;lifecycle_120232965440920160;spend;0.2600;2025-10-27 22:38:10+00;;validation;2025-10-27 21:38:10.75273+00;{};1h;false;false;1d;[];[];stable
023304b3-37d0-4fe5-8b04-0ec843241830;120232965440920160;lifecycle_120232965440920160;roas;0.0000;2025-10-26 21:40:53.69891+00;;validation;2025-10-26 20:40:53.795684+00;"{""clicks"":0,""impressions"":37}";1h;false;false;1d;[];[];stable
0233880f-52c6-471b-87e6-4b25cc99b531;120232965433110160;lifecycle_120232965433110160;cpm;21.0000;2025-10-27 08:15:26.510847+00;;scaling;2025-10-27 07:15:26.58423+00;"{""clicks"":1,""impressions"":10}";1h;false;false;1d;[];[];stable
023753bd-d635-44cd-baca-9ab1649ad322;120232215972100160;lifecycle_120232215972100160;cpm;33.9286;2025-10-28 10:43:27+00;;scaling;2025-10-28 09:43:27.976365+00;{};1h;false;false;1d;[];[];stable
023a5988-1b21-4ca1-90cd-056796999845;120232215972100160;lifecycle_120232215972100160;cpc;2.0200;2025-10-27 16:07:47+00;;scaling;2025-10-27 15:07:47.289897+00;{};1h;false;false;1d;[];[];stable
024b3639-37ec-4230-8235-1798cf122af0;120233121784780160;lifecycle_120233121784780160;ctr;1.3953;2025-10-28 19:53:07+00;;validation;2025-10-28 18:53:08.149798+00;{};1h;false;false;1d;[];[];stable
024edd3c-88c4-43b6-99e3-16e2b28a237f;120232965423280160;lifecycle_120232965423280160;cpm;0.0000;2025-10-27 16:46:39+00;;scaling;2025-10-27 15:46:39.383211+00;{};1h;false;false;1d;[];[];stable
024fe42f-2d02-4474-adcb-a5d77daef255;120232215972100160;lifecycle_120232215972100160;spend;9.8100;2025-10-27 18:43:14+00;;scaling;2025-10-27 17:43:14.451931+00;{};1h;false;false;1d;[];[];stable
025d827a-835c-4460-8ea6-e76152833a06;120232965423280160;lifecycle_120232965423280160;spend;0.0000;2025-10-27 20:05:45+00;;validation;2025-10-27 19:05:45.274828+00;{};1h;false;false;1d;[];[];stable
0269e16d-c165-46cb-85ee-847b96e5a8b2;120232215972100160;lifecycle_120232215972100160;cpm;40.6667;2025-10-28 04:31:31+00;;validation;2025-10-28 03:31:31.985605+00;{};1h;false;false;1d;[];[];stable
026dcf4f-b340-4c27-8374-c5615f68c0f4;120232056896520160;lifecycle_120232056896520160;spend;1.7900;2025-10-25 23:05:09.903599+00;;validation;2025-10-25 21:05:09.992109+00;"{""clicks"":2,""impressions"":6}";1h;false;false;1d;[];[];stable
02788cf4-e5c2-4088-a45a-846c17762fc1;120232965440920160;lifecycle_120232965440920160;cpm;93.7500;2025-10-28 19:49:26+00;;scaling;2025-10-28 18:49:26.756744+00;{};1h;false;false;1d;[];[];stable
027ccff6-d0ed-423f-b43b-8fe223ef93ff;120232965425640160;lifecycle_120232965425640160;cpa;0.0000;2025-10-26 02:46:49.68332+00;;validation;2025-10-26 00:46:49.79423+00;"{""clicks"":1,""impressions"":4}";1h;false;false;1d;[];[];stable
027d025e-ff09-4b2b-a0d9-b52f89f774ca;120232215972100160;lifecycle_120232215972100160;ctr;0.0000;2025-10-26 18:05:34.41252+00;;validation;2025-10-26 17:05:34.513384+00;"{""clicks"":0,""impressions"":58}";1h;false;false;1d;[];[];stable
027d97a0-3be5-4163-b1cd-d227093c2e8b;120232965435960160;lifecycle_120232965435960160;spend;0.8700;2025-10-28 07:54:13+00;;scaling;2025-10-28 06:54:13.415122+00;{};1h;false;false;1d;[];[];stable
028331a4-838a-4812-aa15-74dd18284fce;120232965423280160;lifecycle_120232965423280160;cpm;0.0000;2025-10-27 22:05:55+00;;validation;2025-10-27 21:05:56.159863+00;{};1h;false;false;1d;[];[];stable
02866d16-f159-4c28-9f8d-f2c99385032e;120232965425640160;lifecycle_120232965425640160;ctr;6.0606;2025-10-26 12:34:54.117058+00;;validation;2025-10-26 11:34:54.196433+00;"{""clicks"":2,""impressions"":33}";1h;false;false;1d;[];[];stable
02885bd7-7859-4a76-8e84-59b44868e312;120232965423280160;lifecycle_120232965423280160;spend;0.0000;2025-10-27 12:06:06+00;;scaling;2025-10-27 11:06:06.906631+00;{};1h;false;false;1d;[];[];stable
029082d9-1f3c-4a38-91bb-2c341bda456e;120232215972100160;lifecycle_120232215972100160;cpm;173.1915;2025-10-26 13:05:17.810675+00;;scaling;2025-10-26 12:05:17.890008+00;"{""clicks"":0,""impressions"":47}";1h;false;false;1d;[];[];stable
02974ce1-2b80-4d89-a966-d9f332c14b8f;120232965425640160;lifecycle_120232965425640160;purchases;0.0000;2025-10-25 18:07:56.449896+00;;scaling;2025-10-25 16:07:56.585884+00;"{""clicks"":0,""impressions"":16}";1h;false;false;1d;[];[];stable
02a2b86a-9d76-4041-b91d-b886c5cb6e30;120232215972100160;lifecycle_120232215972100160;cpm;85.3333;2025-10-27 12:05:38+00;;validation;2025-10-27 11:05:39.147572+00;{};1h;false;false;1d;[];[];stable
02ae0191-19ea-4173-987f-bc2901663084;120232215972100160;lifecycle_120232215972100160;spend;1.3300;2025-10-28 14:08:16+00;;scaling;2025-10-28 13:08:16.891575+00;{};1h;false;false;1d;[];[];stable
02b0417e-a9de-40e9-bf40-50817b3180a7;120232965433110160;lifecycle_120232965433110160;ctr;0.0000;2025-10-26 14:40:51.173806+00;;validation;2025-10-26 13:40:51.255269+00;"{""clicks"":0,""impressions"":15}";1h;false;false;1d;[];[];stable
02b6532b-b9df-4348-b7c0-276a468fa866;120232056896520160;lifecycle_120232056896520160;spend;1.2900;2025-10-27 14:09:54+00;;scaling;2025-10-27 13:09:55.045055+00;{};1h;false;false;1d;[];[];stable
02b6ee54-0ebe-4201-a7a0-b23a5e8094a5;120232965435960160;lifecycle_120232965435960160;purchases;0.0000;2025-10-27 20:06:01+00;;validation;2025-10-27 19:06:01.289877+00;{};1h;false;false;1d;[];[];stable
02b819fe-14ab-4099-b1af-8de5dddeef7a;120233129307020160;lifecycle_120233129307020160;spend;2.9900;2025-10-28 08:08:22+00;;scaling;2025-10-28 07:08:22.683132+00;{};1h;false;false;1d;[];[];stable
02c235f8-65a5-4518-a276-5aadb8670b6d;120232965433110160;lifecycle_120232965433110160;roas;0.0000;2025-10-27 08:15:25.696617+00;;scaling;2025-10-27 07:15:25.935669+00;"{""clicks"":1,""impressions"":10}";1h;false;false;1d;[];[];stable
02c4cc6d-489e-48c1-b8f3-a30ab00363e9;120233129307020160;lifecycle_120233129307020160;cpa;0.0000;2025-10-28 04:56:43+00;;validation;2025-10-28 03:56:43.391609+00;{};1h;false;false;1d;[];[];stable
02c649a9-c2b9-4857-b4fa-c46da6b3cb68;120232965435960160;lifecycle_120232965435960160;roas;0.0000;2025-10-28 11:05:56+00;;validation;2025-10-28 10:05:57.025852+00;{};1h;false;false;1d;[];[];stable
02cb7595-99d8-4286-b565-e8e44179a95b;120232965440920160;lifecycle_120232965440920160;purchases;0.0000;2025-10-27 21:42:30+00;;validation;2025-10-27 20:42:31.103591+00;{};1h;false;false;1d;[];[];stable
02cbed00-8fc1-4a5f-91a0-bf8a344a2c18;120232965440920160;lifecycle_120232965440920160;cpc;0.0000;2025-10-25 15:44:17.829283+00;;validation;2025-10-25 13:44:17.937013+00;"{""clicks"":0,""impressions"":2}";1h;false;false;1d;[];[];stable
02cbf016-1259-4696-b9f2-693733936cb0;120232965433110160;lifecycle_120232965433110160;cpm;7.1429;2025-10-28 03:25:14+00;;validation;2025-10-28 02:25:15.030368+00;{};1h;false;false;1d;[];[];stable
02cfdd27-a576-41f6-be66-187a4f4e0f07;120232965433110160;lifecycle_120232965433110160;spend;0.1500;2025-10-25 15:44:11.965624+00;;validation;2025-10-25 13:44:12.045942+00;"{""clicks"":0,""impressions"":14}";1h;false;false;1d;[];[];stable
02cffffd-60cb-4c0a-a5df-3a84e257be3b;120232965425640160;lifecycle_120232965425640160;cpm;163.4483;2025-10-26 09:42:57.373516+00;;validation;2025-10-26 08:42:57.451796+00;"{""clicks"":2,""impressions"":29}";1h;false;false;1d;[];[];stable
02d7d1ad-7a06-4197-8849-711ddc21a906;120232965437600160;lifecycle_120232965437600160;purchases;0.0000;2025-10-26 22:08:34.227434+00;;validation;2025-10-26 21:08:34.351128+00;"{""clicks"":4,""impressions"":301}";1h;false;false;1d;[];[];stable
02d9b1ff-6713-40e7-aaad-325e57cb8fb6;120233121784780160;lifecycle_120233121784780160;ctr;1.4218;2025-10-28 19:27:35+00;;validation;2025-10-28 18:27:35.24095+00;{};1h;false;false;1d;[];[];stable
02dbf330-1335-4f6e-972c-4e42d45dcc41;120232965435960160;lifecycle_120232965435960160;spend;0.9700;2025-10-28 11:47:11+00;;scaling;2025-10-28 10:47:12.018573+00;{};1h;false;false;1d;[];[];stable
02e7364c-af51-4ec7-9dac-39aca7442952;120232056896520160;lifecycle_120232056896520160;cpm;645.0000;2025-10-27 10:05:43.537981+00;;validation;2025-10-27 09:05:43.617384+00;"{""clicks"":0,""impressions"":2}";1h;false;false;1d;[];[];stable
02e7d7c8-36c0-4f42-bd1a-166d31878119;120232965437600160;lifecycle_120232965437600160;cpc;5.9675;2025-10-26 22:05:02.689196+00;;scaling;2025-10-26 21:05:02.765663+00;"{""clicks"":4,""impressions"":301}";1h;false;false;1d;[];[];stable
02ebf306-1286-4379-a0e4-3a650dc3787b;120232965440920160;lifecycle_120232965440920160;roas;0.0000;2025-10-28 20:06:29+00;;scaling;2025-10-28 19:06:29.754683+00;{};1h;false;false;1d;[];[];stable
02ee3c9e-2bf0-4bee-ac46-293cbec1dcc2;120232965440920160;lifecycle_120232965440920160;purchases;0.0000;2025-10-25 18:07:35.33008+00;;validation;2025-10-25 16:07:35.47686+00;"{""clicks"":0,""impressions"":2}";1h;false;false;1d;[];[];stable
02ee754b-2ffc-4cc3-bfb0-d0e5f9afab70;120232965423280160;lifecycle_120232965423280160;cpc;0.0000;2025-10-25 17:07:16.912266+00;;scaling;2025-10-25 15:07:17.013516+00;"{""clicks"":0,""impressions"":1}";1h;false;false;1d;[];[];stable
02f4806e-057d-4675-9410-ed75cd84a136;120232965440920160;lifecycle_120232965440920160;cpa;0.0000;2025-10-27 10:45:51.081091+00;;scaling;2025-10-27 09:45:51.168153+00;"{""clicks"":0,""impressions"":3}";1h;false;false;1d;[];[];stable
02f8d11a-77c4-48d8-b3a8-1bd88843596b;120232215972100160;lifecycle_120232215972100160;ctr;0.0000;2025-10-26 10:35:12.238487+00;;validation;2025-10-26 09:35:12.309074+00;"{""clicks"":0,""impressions"":47}";1h;false;false;1d;[];[];stable
03014af5-0d34-46ed-bb19-f0f6b17019e6;120232965433110160;lifecycle_120232965433110160;roas;0.0000;2025-10-25 16:45:15.182846+00;;scaling;2025-10-25 14:45:15.2966+00;"{""clicks"":0,""impressions"":14}";1h;false;false;1d;[];[];stable
03028648-f869-4fe8-9507-ce48c9aa4bec;120232056896520160;lifecycle_120232056896520160;ctr;0.0000;2025-10-27 12:21:09+00;;validation;2025-10-27 11:21:10.152461+00;{};1h;false;false;1d;[];[];stable
030429ac-42eb-4844-81bf-b2563ffbab25;120232965437600160;lifecycle_120232965437600160;spend;23.4500;2025-10-26 21:35:37.529646+00;;validation;2025-10-26 20:35:37.643341+00;"{""clicks"":4,""impressions"":296}";1h;false;false;1d;[];[];stable
030b07a1-29f1-420a-99be-df56fc8bff43;120232965437600160;lifecycle_120232965437600160;ctr;1.8018;2025-10-26 05:05:30.56697+00;;scaling;2025-10-26 04:05:30.693915+00;"{""clicks"":4,""impressions"":222}";1h;false;false;1d;[];[];stable
031b80fb-a034-40d2-8f19-363ba245d031;120232215972100160;lifecycle_120232215972100160;cpc;0.0000;2025-10-26 18:05:55.054527+00;;scaling;2025-10-26 17:05:55.152327+00;"{""clicks"":0,""impressions"":58}";1h;false;false;1d;[];[];stable
031f4cc3-e47d-4080-ae93-988f5afd136c;120232965440920160;lifecycle_120232965440920160;purchases;0.0000;2025-10-26 20:09:00.467417+00;;scaling;2025-10-26 19:09:00.577492+00;"{""clicks"":0,""impressions"":37}";1h;false;false;1d;[];[];stable
03267aac-76c3-4177-852a-f265a13334e6;120232965423280160;lifecycle_120232965423280160;spend;0.0000;2025-10-27 12:34:02+00;;validation;2025-10-27 11:34:02.466102+00;{};1h;false;false;1d;[];[];stable
03298474-9957-4ca0-a0cc-1b31680386da;120232056896520160;lifecycle_120232056896520160;cpc;0.0000;2025-10-25 17:41:08.261681+00;;validation;2025-10-25 15:41:08.374506+00;"{""clicks"":0,""impressions"":4}";1h;false;false;1d;[];[];stable
032ea9e3-9d23-458d-b50a-3d8bc965d9e9;120232965437600160;lifecycle_120232965437600160;roas;0.0000;2025-10-27 08:15:02.552019+00;;validation;2025-10-27 07:15:02.628603+00;"{""clicks"":0,""impressions"":25}";1h;false;false;1d;[];[];stable
032fb882-b3a7-42c0-8fa3-0aacca21faef;120232965437600160;lifecycle_120232965437600160;purchases;0.0000;2025-10-27 18:08:32+00;;scaling;2025-10-27 17:08:32.789169+00;{};1h;false;false;1d;[];[];stable
0331bbc0-7397-4831-b249-44dcd1a7c2bc;120232056896520160;lifecycle_120232056896520160;spend;0.0400;2025-10-26 21:40:58.189606+00;;scaling;2025-10-26 20:40:58.276536+00;"{""clicks"":0,""impressions"":1}";1h;false;false;1d;[];[];stable
033325cc-e089-4475-bab5-992b825ed1bf;120233129307020160;lifecycle_120233129307020160;roas;0.0000;2025-10-28 08:07:57+00;;validation;2025-10-28 07:07:57.392368+00;{};1h;false;false;1d;[];[];stable
0336236b-e74a-40eb-8205-51cbc0061d2f;120232215972100160;lifecycle_120232215972100160;cpa;0.0000;2025-10-27 19:51:19+00;;scaling;2025-10-27 18:51:19.791572+00;{};1h;false;false;1d;[];[];stable
0338398e-2940-410d-ad13-a8504a126c31;120232965433110160;lifecycle_120232965433110160;spend;1.4400;2025-10-26 11:41:08.748057+00;;validation;2025-10-26 10:41:08.84081+00;"{""clicks"":0,""impressions"":15}";1h;false;false;1d;[];[];stable
033a210d-5eca-499c-b9cb-832150cbac6a;120232965425640160;lifecycle_120232965425640160;purchases;0.0000;2025-10-27 12:34:53+00;;scaling;2025-10-27 11:34:53.469005+00;{};1h;false;false;1d;[];[];stable
03401de7-4575-43b3-a1a6-cea9f6f8b816;120232215972100160;lifecycle_120232215972100160;purchases;0.0000;2025-10-26 17:05:47.047155+00;;validation;2025-10-26 16:05:47.170107+00;"{""clicks"":0,""impressions"":56}";1h;false;false;1d;[];[];stable
03403c3b-72b1-447d-b80a-5755ece31156;120232965433110160;lifecycle_120232965433110160;cpm;18.7500;2025-10-25 23:07:48.44233+00;;scaling;2025-10-25 21:07:48.529129+00;"{""clicks"":0,""impressions"":16}";1h;false;false;1d;[];[];stable
0347e536-04fe-48b8-8a7c-a7fae9781528;120232965433110160;lifecycle_120232965433110160;ctr;0.0000;2025-10-28 07:06:26+00;;validation;2025-10-28 06:06:26.645393+00;{};1h;false;false;1d;[];[];stable
034f9d28-86e8-4ba6-8eb2-95dd7d1a0d58;120232965440920160;lifecycle_120232965440920160;purchases;0.0000;2025-10-27 20:36:12+00;;validation;2025-10-27 19:36:12.660445+00;{};1h;false;false;1d;[];[];stable
0350b6e4-6c1a-4a96-a331-0b14ca745ff3;120233129307020160;lifecycle_120233129307020160;cpm;31.6993;2025-10-28 19:53:14+00;;validation;2025-10-28 18:53:14.340787+00;{};1h;false;false;1d;[];[];stable
035530f2-8170-432c-997d-e2dbe60636b2;120233121784780160;lifecycle_120233121784780160;cpc;7.6700;2025-10-28 12:05:50+00;;validation;2025-10-28 11:05:50.467673+00;{};1h;false;false;1d;[];[];stable
035ddade-e6e4-4026-9827-c4a213216c78;120232215972100160;lifecycle_120232215972100160;spend;12.9700;2025-10-25 23:07:39.360056+00;;scaling;2025-10-25 21:07:39.438785+00;"{""clicks"":0,""impressions"":126}";1h;false;false;1d;[];[];stable
035f759d-7c12-425a-8636-d8a7d268a44e;120232965429540160;lifecycle_120232965429540160;purchases;0.0000;2025-10-27 10:45:42.170453+00;;scaling;2025-10-27 09:45:42.262939+00;"{""clicks"":0,""impressions"":1}";1h;false;false;1d;[];[];stable
0365859d-1314-4263-85c4-7b56342c242a;120232965437600160;lifecycle_120232965437600160;ctr;1.6949;2025-10-26 00:37:50.176486+00;;validation;2025-10-25 22:37:50.261155+00;"{""clicks"":1,""impressions"":59}";1h;false;false;1d;[];[];stable
03773c2b-5f98-44ff-9bba-1083f5f36c98;120232965440920160;lifecycle_120232965440920160;spend;0.3400;2025-10-27 23:27:28+00;;validation;2025-10-27 22:27:28.37619+00;{};1h;false;false;1d;[];[];stable
03796878-681a-41a7-ba9d-408929d6bb24;120232056896520160;lifecycle_120232056896520160;purchases;0.0000;2025-10-27 12:06:01+00;;scaling;2025-10-27 11:06:01.228326+00;{};1h;false;false;1d;[];[];stable
037e603b-41e5-4f8b-aaae-b14ce5c48822;120232965425640160;lifecycle_120232965425640160;cpa;0.0000;2025-10-27 15:44:39+00;;scaling;2025-10-27 14:44:40.269993+00;{};1h;false;false;1d;[];[];stable
03849a59-923f-49c7-a723-452971039f92;120232965440920160;lifecycle_120232965440920160;purchases;0.0000;2025-10-26 07:48:33.607847+00;;scaling;2025-10-26 06:48:33.693324+00;"{""clicks"":0,""impressions"":30}";1h;false;false;1d;[];[];stable
0386c061-ea4e-45ba-9f66-ff5593d5e4ba;120233121784780160;lifecycle_120233121784780160;cpc;1.5600;2025-10-27 23:28:23+00;;scaling;2025-10-27 22:28:24.159356+00;{};1h;false;false;1d;[];[];stable
03871983-e3e5-48ac-8bfe-49e8a3a1c9f9;120232965437600160;lifecycle_120232965437600160;cpm;134.3860;2025-10-25 15:08:27.284735+00;;scaling;2025-10-25 13:08:27.406673+00;"{""clicks"":2,""impressions"":57}";1h;false;false;1d;[];[];stable
038c0827-6fc6-4d1c-8dfe-c1daf9d2c010;120232215972100160;lifecycle_120232215972100160;cpa;0.0000;2025-10-26 15:38:50.960543+00;;validation;2025-10-26 14:38:51.057131+00;"{""clicks"":0,""impressions"":51}";1h;false;false;1d;[];[];stable
038ee678-ed01-417f-a767-ab5d50075018;120232215972100160;lifecycle_120232215972100160;cpc;3.9400;2025-10-28 19:27:49+00;;scaling;2025-10-28 18:27:49.657139+00;{};1h;false;false;1d;[];[];stable
03957ff8-1ee2-4b68-bb01-6b9b9a433393;120232965433110160;lifecycle_120232965433110160;ctr;0.0000;2025-10-28 19:06:07+00;;validation;2025-10-28 18:06:07.353495+00;{};1h;false;false;1d;[];[];stable
039650d6-2376-4770-bacc-a390933b9295;120232965437600160;lifecycle_120232965437600160;cpm;79.1429;2025-10-27 13:05:12+00;;validation;2025-10-27 12:05:12.198246+00;{};1h;false;false;1d;[];[];stable
03a357ce-fada-4a12-baa2-e6a6192553a6;120232965440920160;lifecycle_120232965440920160;cpm;70.5556;2025-10-26 04:31:17.669963+00;;validation;2025-10-26 03:31:17.778507+00;"{""clicks"":0,""impressions"":18}";1h;false;false;1d;[];[];stable
03a4abbc-b93f-4cd5-8cf9-945c91579149;120232965423280160;lifecycle_120232965423280160;ctr;0.0000;2025-10-27 22:38:32+00;;scaling;2025-10-27 21:38:32.69667+00;{};1h;false;false;1d;[];[];stable
03a54e39-5511-44ab-989d-1d1c6ae8f88e;120233121784780160;lifecycle_120233121784780160;cpm;102.2667;2025-10-28 12:05:50+00;;validation;2025-10-28 11:05:50.727071+00;{};1h;false;false;1d;[];[];stable
03ae21e2-7744-444f-bedc-6f616b903fa5;120232965423280160;lifecycle_120232965423280160;cpm;0.0000;2025-10-25 23:07:42.693685+00;;scaling;2025-10-25 21:07:42.774518+00;"{""clicks"":0,""impressions"":1}";1h;false;false;1d;[];[];stable
03bee43f-c9a1-465d-a87e-9d364468c34b;120232965440920160;lifecycle_120232965440920160;purchases;0.0000;2025-10-26 20:35:07.766904+00;;validation;2025-10-26 19:35:07.861403+00;"{""clicks"":0,""impressions"":37}";1h;false;false;1d;[];[];stable
03c0b357-6012-459d-8bec-c33da2e95fc8;120232965425640160;lifecycle_120232965425640160;purchases;0.0000;2025-10-26 21:40:44.463321+00;;validation;2025-10-26 20:40:44.554186+00;"{""clicks"":4,""impressions"":81}";1h;false;false;1d;[];[];stable
03c4efd2-d836-4c5b-acc0-69bcfa962444;120233121784780160;lifecycle_120233121784780160;cpm;115.9694;2025-10-28 18:44:12+00;;scaling;2025-10-28 17:44:12.634027+00;{};1h;false;false;1d;[];[];stable
03c5944c-bd37-46bc-b527-f2f9badd4449;120232056896520160;lifecycle_120232056896520160;roas;0.0000;2025-10-27 12:48:53+00;;scaling;2025-10-27 11:48:53.923052+00;{};1h;false;false;1d;[];[];stable
03caa75b-c722-4277-83b7-8b299a9f1c18;120232965429540160;lifecycle_120232965429540160;cpc;0.0000;2025-10-27 21:06:42+00;;scaling;2025-10-27 20:06:42.844103+00;{};1h;false;false;1d;[];[];stable
03cc4801-82ee-4697-8ff6-abccaccf05dc;120233121784780160;lifecycle_120233121784780160;roas;0.0000;2025-10-28 04:32:18+00;;scaling;2025-10-28 03:32:18.551956+00;{};1h;false;false;1d;[];[];stable
03d26c3a-e6ef-40b0-99b5-2563ce7ecc8c;120232965435960160;lifecycle_120232965435960160;cpa;0.0000;2025-10-27 18:08:26+00;;scaling;2025-10-27 17:08:26.500256+00;{};1h;false;false;1d;[];[];stable
03d51aa0-a4b7-4836-83bf-328e9011ee6e;120232965437600160;lifecycle_120232965437600160;spend;11.0200;2025-10-25 19:05:13.137721+00;;validation;2025-10-25 17:05:13.220338+00;"{""clicks"":2,""impressions"":93}";1h;false;false;1d;[];[];stable
03e640ba-9bcc-43d0-bb3d-57755136bf85;120232215972100160;lifecycle_120232215972100160;cpa;0.0000;2025-10-26 14:01:15.819647+00;;validation;2025-10-26 13:01:15.942288+00;"{""clicks"":0,""impressions"":48}";1h;false;false;1d;[];[];stable
03eaf58e-05eb-470b-ba01-159128bb84d9;120232965425640160;lifecycle_120232965425640160;cpm;46.8750;2025-10-25 19:24:31.894578+00;;scaling;2025-10-25 17:24:32.005471+00;"{""clicks"":0,""impressions"":16}";1h;false;false;1d;[];[];stable
03ec3f0e-3703-422f-94ac-5417a471d394;120232056896520160;lifecycle_120232056896520160;cpc;0.0000;2025-10-27 07:56:16.020056+00;;scaling;2025-10-27 06:56:16.145487+00;"{""clicks"":0,""impressions"":1}";1h;false;false;1d;[];[];stable
03efbadf-34c8-4d17-990f-a9371de868c7;120233121784780160;lifecycle_120233121784780160;ctr;5.7143;2025-10-27 23:09:02+00;;scaling;2025-10-27 22:09:03.006148+00;{};1h;false;false;1d;[];[];stable
03f5aeee-2e58-475e-ae58-53cb1d19baf8;120232965440920160;lifecycle_120232965440920160;cpa;0.0000;2025-10-26 16:05:29.041748+00;;validation;2025-10-26 15:05:29.151817+00;"{""clicks"":0,""impressions"":32}";1h;false;false;1d;[];[];stable
040131b7-c74d-4bfe-91a7-266fda49ae90;120232056896520160;lifecycle_120232056896520160;cpa;0.0000;2025-10-25 22:40:26.887595+00;;scaling;2025-10-25 20:40:26.98261+00;"{""clicks"":2,""impressions"":6}";1h;false;false;1d;[];[];stable
040dc9d7-f083-4533-8a8a-3a196f1be19e;120233129307020160;lifecycle_120233129307020160;spend;2.9900;2025-10-28 07:54:33+00;;scaling;2025-10-28 06:54:33.33273+00;{};1h;false;false;1d;[];[];stable
04108483-7d2a-4ad8-b14f-a854cbb8041e;120232965440920160;lifecycle_120232965440920160;spend;0.1000;2025-10-26 01:05:29.932567+00;;validation;2025-10-25 23:05:30.069633+00;"{""clicks"":0,""impressions"":2}";1h;false;false;1d;[];[];stable
04139882-d60e-480a-a8b0-8e88a888b285;120233121784780160;lifecycle_120233121784780160;purchases;0.0000;2025-10-28 12:05:50+00;;validation;2025-10-28 11:05:50.223786+00;{};1h;false;false;1d;[];[];stable
0414fbe7-6cff-4bc4-bc9c-96ba7135a053;120232965425640160;lifecycle_120232965425640160;spend;11.1000;2025-10-27 08:15:20.059038+00;;scaling;2025-10-27 07:15:20.134419+00;"{""clicks"":0,""impressions"":109}";1h;false;false;1d;[];[];stable
0426ef7c-9b54-442b-8c25-59359924d740;120232965435960160;lifecycle_120232965435960160;spend;3.0700;2025-10-28 19:48:39+00;;validation;2025-10-28 18:48:39.598099+00;{};1h;false;false;1d;[];[];stable
042f46cc-3416-49ee-84c8-e7f634b310ba;120233129307020160;lifecycle_120233129307020160;ctr;0.0000;2025-10-28 01:44:03+00;;scaling;2025-10-28 00:44:03.727117+00;{};1h;false;false;1d;[];[];stable
0430342c-a308-49cf-8cd3-acf0cacaddad;120232965440920160;lifecycle_120232965440920160;spend;1.9400;2025-10-25 23:05:29.241574+00;;validation;2025-10-25 21:05:29.340507+00;"{""clicks"":1,""impressions"":7}";1h;false;false;1d;[];[];stable
043541f3-1c8d-4c87-84ce-5f8698730cf7;120232965440920160;lifecycle_120232965440920160;ctr;0.0000;2025-10-25 18:53:33.498208+00;;validation;2025-10-25 16:53:33.664163+00;"{""clicks"":0,""impressions"":3}";1h;false;false;1d;[];[];stable
04373e20-4554-45f3-82a3-00f71c101e0c;120232965433110160;lifecycle_120232965433110160;cpc;0.2200;2025-10-27 09:51:24.838387+00;;scaling;2025-10-27 08:51:24.908079+00;"{""clicks"":1,""impressions"":11}";1h;false;false;1d;[];[];stable
043924e9-25b0-4393-ac2f-15d61a3e9fbd;120232965433110160;lifecycle_120232965433110160;purchases;0.0000;2025-10-26 10:35:17.977502+00;;validation;2025-10-26 09:35:18.04817+00;"{""clicks"":0,""impressions"":15}";1h;false;false;1d;[];[];stable
043a6faa-e576-4a1f-bac5-f9762be6cf0e;120232056896520160;lifecycle_120232056896520160;cpa;0.0000;2025-10-25 17:41:36.755377+00;;scaling;2025-10-25 15:41:36.863229+00;"{""clicks"":2,""impressions"":4}";1h;false;false;1d;[];[];stable
043e8c0e-1657-4130-9d3c-bc3b7e1e12ae;120232965433110160;lifecycle_120232965433110160;spend;1.4700;2025-10-26 19:48:16.507614+00;;scaling;2025-10-26 18:48:16.630279+00;"{""clicks"":0,""impressions"":17}";1h;false;false;1d;[];[];stable
04453517-142f-45bc-aef2-cfcb28bebe63;120232965440920160;lifecycle_120232965440920160;roas;0.0000;2025-10-27 22:07:03+00;;scaling;2025-10-27 21:07:03.785028+00;{};1h;false;false;1d;[];[];stable
044a3b49-690a-4e9b-94ad-92f6abb752f3;120232965437600160;lifecycle_120232965437600160;spend;9.8600;2025-10-25 18:08:06.200908+00;;scaling;2025-10-25 16:08:06.332354+00;"{""clicks"":2,""impressions"":85}";1h;false;false;1d;[];[];stable
04530c2c-1ab1-4ef1-b1a3-85a6cad83a1a;120232965440920160;lifecycle_120232965440920160;purchases;0.0000;2025-10-26 16:36:52.387361+00;;scaling;2025-10-26 15:36:52.485045+00;"{""clicks"":0,""impressions"":32}";1h;false;false;1d;[];[];stable
0454fe85-791b-4865-bd11-8e1f691b6d59;120232965437600160;lifecycle_120232965437600160;spend;2.2300;2025-10-27 09:08:16.514298+00;;validation;2025-10-27 08:08:16.595266+00;"{""clicks"":0,""impressions"":27}";1h;false;false;1d;[];[];stable
045578cb-bb79-471d-9c69-bbceb89c351b;120232965437600160;lifecycle_120232965437600160;roas;0.0000;2025-10-27 07:56:47.548347+00;;scaling;2025-10-27 06:56:47.677692+00;"{""clicks"":0,""impressions"":22}";1h;false;false;1d;[];[];stable
04599c58-2be4-4dbe-9840-7f0d14539ac4;120232965437600160;lifecycle_120232965437600160;cpm;79.3023;2025-10-26 22:05:02.829749+00;;scaling;2025-10-26 21:05:02.904628+00;"{""clicks"":4,""impressions"":301}";1h;false;false;1d;[];[];stable
045be61c-fab1-4a95-88c1-45255772db66;120232965429540160;lifecycle_120232965429540160;roas;0.0000;2025-10-27 23:07:41+00;;validation;2025-10-27 22:07:41.625298+00;{};1h;false;false;1d;[];[];stable
045e0300-ba9d-4b0c-a4a8-4bd72815e9f0;120232215972100160;lifecycle_120232215972100160;purchases;0.0000;2025-10-28 20:27:56+00;;validation;2025-10-28 19:27:56.238632+00;{};1h;false;false;1d;[];[];stable
045f4b1a-6d7c-48ef-80b8-cf22f6774ee9;120232215972100160;lifecycle_120232215972100160;cpm;87.5556;2025-10-28 20:05:49+00;;validation;2025-10-28 19:05:49.289771+00;{};1h;false;false;1d;[];[];stable
046401cb-2ec7-43d7-9db0-13290b5233e4;120232965440920160;lifecycle_120232965440920160;ctr;0.0000;2025-10-26 07:05:09.650559+00;;validation;2025-10-26 06:05:09.729999+00;"{""clicks"":0,""impressions"":27}";1h;false;false;1d;[];[];stable
0468d58c-cbe1-489e-9e8a-392077c869bf;120232965423280160;lifecycle_120232965423280160;cpc;0.0000;2025-10-25 15:44:27.49645+00;;scaling;2025-10-25 13:44:27.579245+00;"{""clicks"":0,""impressions"":1}";1h;false;false;1d;[];[];stable
046a27d8-56ae-40a8-be5e-dcb5d8b48bd3;120232965437600160;lifecycle_120232965437600160;cpc;0.0000;2025-10-27 19:51:02+00;;validation;2025-10-27 18:51:02.582277+00;{};1h;false;false;1d;[];[];stable
04739145-6120-4b6d-909b-f52197d471f4;120232965440920160;lifecycle_120232965440920160;purchases;0.0000;2025-10-26 11:41:29.762237+00;;scaling;2025-10-26 10:41:29.855892+00;"{""clicks"":0,""impressions"":32}";1h;false;false;1d;[];[];stable
0481cac6-ae78-4945-9ecf-a29dd3cea924;120232215972100160;lifecycle_120232215972100160;roas;0.0000;2025-10-26 12:05:37.927604+00;;validation;2025-10-26 11:05:38.051483+00;"{""clicks"":0,""impressions"":47}";1h;false;false;1d;[];[];stable
04890b12-2869-457f-afec-5156ab9d3efa;120232215972100160;lifecycle_120232215972100160;purchases;0.0000;2025-10-27 12:21:14+00;;validation;2025-10-27 11:21:14.19739+00;{};1h;false;false;1d;[];[];stable
048b1e87-dece-487d-935e-c98fd9953eab;120232965440920160;lifecycle_120232965440920160;cpc;0.0000;2025-10-26 19:48:25.272597+00;;scaling;2025-10-26 18:48:25.405801+00;"{""clicks"":0,""impressions"":37}";1h;false;false;1d;[];[];stable
04936cf0-470c-41f0-80a4-45f7d34c143e;120232965440920160;lifecycle_120232965440920160;roas;0.0000;2025-10-26 04:31:37.534181+00;;scaling;2025-10-26 03:31:37.691537+00;"{""clicks"":0,""impressions"":18}";1h;false;false;1d;[];[];stable
049516ce-227d-444f-9a10-4996572419f6;120232965433110160;lifecycle_120232965433110160;roas;0.0000;2025-10-26 20:35:20.794496+00;;scaling;2025-10-26 19:35:20.888574+00;"{""clicks"":0,""impressions"":17}";1h;false;false;1d;[];[];stable
04994aef-152e-46b3-8eb6-9713f3d9f48e;120232215972100160;lifecycle_120232215972100160;cpa;0.0000;2025-10-25 17:41:40.721504+00;;scaling;2025-10-25 15:41:40.827109+00;"{""clicks"":0,""impressions"":107}";1h;false;false;1d;[];[];stable
049ac3c9-7515-4da0-9d84-3f82126f3750;120232056896520160;lifecycle_120232056896520160;cpa;0.0000;2025-10-25 17:06:39.022098+00;;validation;2025-10-25 15:06:39.125255+00;"{""clicks"":0,""impressions"":3}";1h;false;false;1d;[];[];stable
049cac73-1358-4399-9e6e-153346240faf;120232965423280160;lifecycle_120232965423280160;roas;0.0000;2025-10-27 10:06:13.868757+00;;scaling;2025-10-27 09:06:13.946393+00;"{""clicks"":0,""impressions"":1}";1h;false;false;1d;[];[];stable
049dd204-efbe-46b0-a09d-82f3cd4778bb;120232965437600160;lifecycle_120232965437600160;roas;0.0000;2025-10-25 17:41:27.64599+00;;validation;2025-10-25 15:41:27.768616+00;"{""clicks"":2,""impressions"":79}";1h;false;false;1d;[];[];stable
04a66699-f00d-47d3-aae8-d205385eb3d2;120232215972100160;lifecycle_120232215972100160;purchases;0.0000;2025-10-26 21:41:01.448706+00;;scaling;2025-10-26 20:41:01.535931+00;"{""clicks"":0,""impressions"":65}";1h;false;false;1d;[];[];stable
04af6413-ed70-4cbb-ac0d-91bb38cfc761;120232215972100160;lifecycle_120232215972100160;spend;3.9400;2025-10-28 20:05:48+00;;validation;2025-10-28 19:05:48.556405+00;{};1h;false;false;1d;[];[];stable
04b0e093-62bb-4bb7-a08b-66df369aa183;120232965429540160;lifecycle_120232965429540160;cpa;0.0000;2025-10-27 12:37:47+00;;validation;2025-10-27 11:37:47.693946+00;{};1h;false;false;1d;[];[];stable
04b4e999-f59a-4394-87d9-2305d66d6e1e;120232965440920160;lifecycle_120232965440920160;ctr;0.0000;2025-10-26 08:34:23.010346+00;;validation;2025-10-26 07:34:23.088319+00;"{""clicks"":0,""impressions"":31}";1h;false;false;1d;[];[];stable
04ba279a-d283-4692-9ac6-074176a5e260;120232965437600160;lifecycle_120232965437600160;roas;0.0000;2025-10-27 14:10:23+00;;scaling;2025-10-27 13:10:24.045181+00;{};1h;false;false;1d;[];[];stable
04bb83cf-4b12-4846-90a7-7f59938a5020;120232965433110160;lifecycle_120232965433110160;spend;0.0300;2025-10-28 01:43:25+00;;validation;2025-10-28 00:43:25.313524+00;{};1h;false;false;1d;[];[];stable
04c39d20-3252-4910-8c84-5638efec873e;120232965425640160;lifecycle_120232965425640160;cpa;0.0000;2025-10-26 11:05:12.123378+00;;validation;2025-10-26 10:05:12.209405+00;"{""clicks"":2,""impressions"":33}";1h;false;false;1d;[];[];stable
04c71bba-82bb-400a-a6e5-2a19b83cc09f;120232215972100160;lifecycle_120232215972100160;cpm;51.4634;2025-10-28 16:06:58+00;;scaling;2025-10-28 15:06:58.974624+00;{};1h;false;false;1d;[];[];stable
04c7c5ac-e6dc-4ae4-b130-db4cc672a4b1;120232056896520160;lifecycle_120232056896520160;cpa;0.0000;2025-10-27 13:05:22+00;;scaling;2025-10-27 12:05:22.853908+00;{};1h;false;false;1d;[];[];stable
04c7ec82-9d6c-4892-a94f-47a286d727da;120232965433110160;lifecycle_120232965433110160;cpa;0.0000;2025-10-25 17:41:52.650166+00;;scaling;2025-10-25 15:41:52.750634+00;"{""clicks"":0,""impressions"":14}";1h;false;false;1d;[];[];stable
04d28f08-3ece-401f-b2cb-4a0c9af40cc7;120232056896520160;lifecycle_120232056896520160;ctr;40.0000;2025-10-25 19:24:17.702376+00;;scaling;2025-10-25 17:24:17.818832+00;"{""clicks"":2,""impressions"":5}";1h;false;false;1d;[];[];stable
04d6bf6c-f0e0-48df-98fd-cc0276dc9177;120232965440920160;lifecycle_120232965440920160;cpm;20.0000;2025-10-27 09:08:19.901374+00;;validation;2025-10-27 08:08:19.980936+00;"{""clicks"":0,""impressions"":3}";1h;false;false;1d;[];[];stable
04d82dec-55f3-48ce-add4-57a26380d607;120232965440920160;lifecycle_120232965440920160;purchases;0.0000;2025-10-27 14:51:49+00;;validation;2025-10-27 13:51:49.785842+00;{};1h;false;false;1d;[];[];stable
04df08eb-07ec-4015-9cc7-58cdce8f9c2a;120232965433110160;lifecycle_120232965433110160;cpm;18.4615;2025-10-27 19:08:57+00;;scaling;2025-10-27 18:08:57.767691+00;{};1h;false;false;1d;[];[];stable
04e32fcf-b5ba-451e-9f40-9bb4ff03d0df;120232965435960160;lifecycle_120232965435960160;cpa;0.0000;2025-10-28 07:06:32+00;;validation;2025-10-28 06:06:32.768177+00;{};1h;false;false;1d;[];[];stable
04e92889-9c3b-4f0d-ad22-e754eb965e06;120233121784780160;lifecycle_120233121784780160;cpc;8.2033;2025-10-28 19:53:36+00;;scaling;2025-10-28 18:53:37.03576+00;{};1h;false;false;1d;[];[];stable
04f58105-3996-4bed-a07f-5794d48f2530;120232965440920160;lifecycle_120232965440920160;spend;0.8100;2025-10-26 03:28:40.741726+00;;validation;2025-10-26 02:28:40.823426+00;"{""clicks"":0,""impressions"":11}";1h;false;false;1d;[];[];stable
04fddad2-85db-4a9a-846d-b8fb1c08d0f2;120232056896520160;lifecycle_120232056896520160;cpm;363.3333;2025-10-25 17:07:09.211636+00;;scaling;2025-10-25 15:07:09.319778+00;"{""clicks"":0,""impressions"":3}";1h;false;false;1d;[];[];stable
050759b2-5735-4ea1-9388-27b7895cdbce;120232965433110160;lifecycle_120232965433110160;ctr;0.0000;2025-10-28 19:48:32+00;;validation;2025-10-28 18:48:32.960445+00;{};1h;false;false;1d;[];[];stable
050f256a-40d5-4340-af3b-0dabe2f397c7;120232965433110160;lifecycle_120232965433110160;purchases;0.0000;2025-10-28 18:43:58+00;;scaling;2025-10-28 17:43:58.722973+00;{};1h;false;false;1d;[];[];stable
0519202b-38d5-4ca2-8aa1-f439fdacc833;120233121784780160;lifecycle_120233121784780160;cpa;0.0000;2025-10-27 23:42:39+00;;scaling;2025-10-27 22:42:39.249702+00;{};1h;false;false;1d;[];[];stable
051a4b8f-c7f8-4512-84ca-d89193615c5e;120232965433110160;lifecycle_120232965433110160;cpm;96.0000;2025-10-26 14:40:52.041366+00;;validation;2025-10-26 13:40:52.128433+00;"{""clicks"":0,""impressions"":15}";1h;false;false;1d;[];[];stable
051f78c0-7b61-4ae5-82df-d358eda28829;120233129307020160;lifecycle_120233129307020160;ctr;0.0000;2025-10-28 00:35:36+00;;scaling;2025-10-27 23:35:36.642399+00;{};1h;false;false;1d;[];[];stable
0526a4aa-a291-4b28-be74-3bf90e1749c7;120232215972100160;lifecycle_120232215972100160;purchases;0.0000;2025-10-28 05:06:29+00;;scaling;2025-10-28 04:06:30.086748+00;{};1h;false;false;1d;[];[];stable
05276db5-a1de-479c-907f-ce63cebba1d4;120232965425640160;lifecycle_120232965425640160;cpc;0.0000;2025-10-25 15:08:18.523096+00;;scaling;2025-10-25 13:08:18.645805+00;"{""clicks"":0,""impressions"":14}";1h;false;false;1d;[];[];stable
0528f96a-4c18-4a27-9e47-8516c3105881;120232965425640160;lifecycle_120232965425640160;cpm;166.1667;2025-10-26 19:48:13.013893+00;;scaling;2025-10-26 18:48:13.162685+00;"{""clicks"":3,""impressions"":60}";1h;false;false;1d;[];[];stable
052dc2fe-0886-43c3-be54-3e82710d2476;120232215972100160;lifecycle_120232215972100160;spend;3.9400;2025-10-28 19:49:03+00;;scaling;2025-10-28 18:49:03.710456+00;{};1h;false;false;1d;[];[];stable
052f9643-6720-4bcf-bc0e-57ebc94ae21b;120232965440920160;lifecycle_120232965440920160;cpm;104.2857;2025-10-28 17:05:50+00;;validation;2025-10-28 16:05:50.255707+00;{};1h;false;false;1d;[];[];stable
052ffe02-9a9a-4d7b-95a5-fe54d5930411;120232965433110160;lifecycle_120232965433110160;cpa;0.0000;2025-10-27 23:50:56+00;;validation;2025-10-27 22:50:56.568379+00;{};1h;false;false;1d;[];[];stable
0530aceb-f2f3-40d0-883b-c5bb8dc6fe9a;120232965433110160;lifecycle_120232965433110160;spend;0.9000;2025-10-28 19:27:54+00;;scaling;2025-10-28 18:27:54.449548+00;{};1h;false;false;1d;[];[];stable
0534d5ce-0c5c-47b2-9f22-cde75943df62;120232965423280160;lifecycle_120232965423280160;cpc;0.0000;2025-10-25 17:41:45.502519+00;;scaling;2025-10-25 15:41:45.608923+00;"{""clicks"":0,""impressions"":1}";1h;false;false;1d;[];[];stable
05365ccf-f7c4-43ae-99a0-8962a67cf564;120232965425640160;lifecycle_120232965425640160;spend;12.7600;2025-10-27 14:52:07+00;;scaling;2025-10-27 13:52:07.471231+00;{};1h;false;false;1d;[];[];stable
05388c6c-c713-42db-a2a9-14297674c43f;120233129307020160;lifecycle_120233129307020160;purchases;0.0000;2025-10-28 15:06:11+00;;validation;2025-10-28 14:06:11.765321+00;{};1h;false;false;1d;[];[];stable
05390dcb-0515-4239-8101-d1cecd8f6760;120232965423280160;lifecycle_120232965423280160;roas;0.0000;2025-10-25 15:44:27.048038+00;;scaling;2025-10-25 13:44:27.132447+00;"{""clicks"":0,""impressions"":1}";1h;false;false;1d;[];[];stable
0544f4df-7410-41dc-87ea-13e79660e851;120232965440920160;lifecycle_120232965440920160;spend;0.0500;2025-10-28 12:36:20+00;;scaling;2025-10-28 11:36:20.79119+00;{};1h;false;false;1d;[];[];stable
054fa878-d65c-49cc-9d81-015b3a9eb1f0;120233121784780160;lifecycle_120233121784780160;roas;0.0000;2025-10-27 23:28:23+00;;scaling;2025-10-27 22:28:23.308168+00;{};1h;false;false;1d;[];[];stable
0557c8a3-c996-4b23-9074-044ad41ec85b;120232965440920160;lifecycle_120232965440920160;cpc;0.7500;2025-10-28 19:06:56+00;;scaling;2025-10-28 18:06:57.058847+00;{};1h;false;false;1d;[];[];stable
055b5045-979f-4508-86b1-b2ff9661e8fa;120232215972100160;lifecycle_120232215972100160;ctr;0.0000;2025-10-25 13:53:49.979181+00;;scaling;2025-10-25 11:53:50.091343+00;"{""clicks"":0,""impressions"":97}";1h;false;false;1d;[];[];stable
055d31ad-9045-4054-ac22-5f1adaac1a1d;120232965437600160;lifecycle_120232965437600160;purchases;0.0000;2025-10-26 05:43:09.761003+00;;scaling;2025-10-26 04:43:09.84756+00;"{""clicks"":4,""impressions"":231}";1h;false;false;1d;[];[];stable
05633c23-b75c-424a-ba4a-5d9b02eafe71;120232965437600160;lifecycle_120232965437600160;spend;23.5100;2025-10-26 21:40:50.685341+00;;validation;2025-10-26 20:40:50.773171+00;"{""clicks"":4,""impressions"":297}";1h;false;false;1d;[];[];stable
056418c6-6974-49d2-b09c-106db4d68f23;120232965440920160;lifecycle_120232965440920160;cpc;0.0000;2025-10-28 05:45:26+00;;validation;2025-10-28 04:45:26.238975+00;{};1h;false;false;1d;[];[];stable
0565afc5-ce3e-49c9-a545-81590ca4eec8;120232965425640160;lifecycle_120232965425640160;purchases;0.0000;2025-10-27 14:09:34+00;;validation;2025-10-27 13:09:34.469226+00;{};1h;false;false;1d;[];[];stable
056e8ad7-5f6b-4436-a340-fc09d148cbd4;120232965429540160;lifecycle_120232965429540160;roas;0.0000;2025-10-27 18:42:38+00;;validation;2025-10-27 17:42:38.888764+00;{};1h;false;false;1d;[];[];stable
057490c2-3173-4061-8f77-fc80115ce99f;120232965433110160;lifecycle_120232965433110160;ctr;7.1429;2025-10-27 21:06:04+00;;validation;2025-10-27 20:06:04.617842+00;{};1h;false;false;1d;[];[];stable
0577de8d-d738-410c-9ce4-bda4c9ebbbc2;120232965423280160;lifecycle_120232965423280160;cpm;0.0000;2025-10-25 13:53:55.040679+00;;scaling;2025-10-25 11:53:55.143372+00;"{""clicks"":0,""impressions"":1}";1h;false;false;1d;[];[];stable
058264a1-79a5-48d8-9a8d-e78084b27d4f;120232215972100160;lifecycle_120232215972100160;cpa;0.0000;2025-10-27 22:37:39+00;;validation;2025-10-27 21:37:39.958905+00;{};1h;false;false;1d;[];[];stable
05850137-d29e-4210-95aa-6f6c714e16f3;120232965440920160;lifecycle_120232965440920160;roas;0.0000;2025-10-27 15:07:56+00;;validation;2025-10-27 14:07:56.414441+00;{};1h;false;false;1d;[];[];stable
05889a0c-8b76-4b08-a845-f5759e9f4283;120232965437600160;lifecycle_120232965437600160;cpa;0.0000;2025-10-27 23:42:31+00;;scaling;2025-10-27 22:42:31.339524+00;{};1h;false;false;1d;[];[];stable
0589a81c-799f-4fa9-a6da-46df657a7d13;120232965440920160;lifecycle_120232965440920160;ctr;0.0000;2025-10-27 20:36:11+00;;validation;2025-10-27 19:36:11.755364+00;{};1h;false;false;1d;[];[];stable
059b054a-983c-458a-93c7-6d5c876766d0;120232965429540160;lifecycle_120232965429540160;cpc;0.0000;2025-10-27 23:41:33+00;;validation;2025-10-27 22:41:33.241043+00;{};1h;false;false;1d;[];[];stable
059d642f-5f66-41ec-a3db-d4cd33c62dfd;120232965440920160;lifecycle_120232965440920160;spend;0.2000;2025-10-27 16:08:21+00;;scaling;2025-10-27 15:08:21.368476+00;{};1h;false;false;1d;[];[];stable
05a8619d-1133-4ea5-9673-6e0a805971f9;120232965433110160;lifecycle_120232965433110160;roas;0.0000;2025-10-27 07:37:53.965872+00;;validation;2025-10-27 06:37:54.053697+00;"{""clicks"":1,""impressions"":10}";1h;false;false;1d;[];[];stable
05a9f6c3-49c7-4dae-bdec-f015a0133a9b;120232965437600160;lifecycle_120232965437600160;cpm;78.9262;2025-10-26 21:50:56.115779+00;;scaling;2025-10-26 20:50:56.224794+00;"{""clicks"":4,""impressions"":298}";1h;false;false;1d;[];[];stable
05b0fd7c-eb57-4fa0-baeb-ec19f533aa8f;120232056896520160;lifecycle_120232056896520160;spend;1.2900;2025-10-27 10:45:02.20564+00;;validation;2025-10-27 09:45:02.305935+00;"{""clicks"":0,""impressions"":2}";1h;false;false;1d;[];[];stable